<?xml version = '1.0' encoding = 'UTF-8'?>
<Entity class="oracle.dbtools.crest.model.design.logical.Entity" directorySegmentName="seg_0" id="2AB76BAC-34F0-DCC9-C480-5A99879599A7" name="GameVersion">
<createdBy>KOSA</createdBy>
<createdTime>2024-05-01 03:28:50 UTC</createdTime>
<ownerDesignName>tttt</ownerDesignName>
<engineerTo>
<item key="EA66ACB9-7A17-64FF-CCC1-3D1A33CD2672" value="true"/>
</engineerTo>
<adequatelyNormalized>NO</adequatelyNormalized>
<expectedVolumes>0</expectedVolumes>
<fwdEngineeringStrategyName>Single Table</fwdEngineeringStrategyName>
<growthPercent>0</growthPercent>
<growthType>Year</growthType>
<maxVolumes>9999999</maxVolumes>
<minVolumes>0</minVolumes>
<normalForm>Third</normalForm>
<attributes itemClass="oracle.dbtools.crest.model.design.logical.Attribute">
<Attribute name="game_version_id" id="41FCCFED-38EE-11E3-FCF7-D780B0EBEEDB">
<createdBy>KOSA</createdBy>
<createdTime>2024-05-01 03:28:56 UTC</createdTime>
<ownerDesignName>tttt</ownerDesignName>
<engineerTo>
<item key="EA66ACB9-7A17-64FF-CCC1-3D1A33CD2672" value="true"/>
</engineerTo>
<use>0</use>
<logicalDatatype>LOGDT019</logicalDatatype>
<domain>9142CE01-F66B-9F35-1991-C13E9BFE3940</domain>
<ownDataTypeParameters>,,</ownDataTypeParameters>
</Attribute>
<Attribute name="game_version" id="B8126D0A-5DA1-E342-C827-26E1C39432D2">
<createdBy>KOSA</createdBy>
<createdTime>2024-05-01 23:43:47 UTC</createdTime>
<ownerDesignName>tttt</ownerDesignName>
<engineerTo>
<item key="EA66ACB9-7A17-64FF-CCC1-3D1A33CD2672" value="true"/>
</engineerTo>
<use>0</use>
<logicalDatatype>LOGDT024</logicalDatatype>
<dataTypeSize>10</dataTypeSize>
<domain>EB4664C7-7445-40DE-71C6-380B03D0DF27</domain>
<ownDataTypeParameters>10,,</ownDataTypeParameters>
</Attribute>
<Attribute name="game_field_row" id="6145BAB6-E511-5423-9A7D-8DA06D0AB94F">
<createdBy>KOSA</createdBy>
<createdTime>2024-05-01 03:31:39 UTC</createdTime>
<ownerDesignName>tttt</ownerDesignName>
<engineerTo>
<item key="EA66ACB9-7A17-64FF-CCC1-3D1A33CD2672" value="true"/>
</engineerTo>
<useDomainConstraints>false</useDomainConstraints>
<use>0</use>
<logicalDatatype>LOGDT019</logicalDatatype>
<dataTypePrecision>2</dataTypePrecision>
<domain>86996079-C32E-F64B-517E-DF348698F4E3</domain>
<ownDataTypeParameters>,2,</ownDataTypeParameters>
</Attribute>
<Attribute name="game_field_col" id="7F8DA004-0031-4DFB-8264-EF30ABDB8366">
<createdBy>KOSA</createdBy>
<createdTime>2024-05-01 03:31:58 UTC</createdTime>
<ownerDesignName>tttt</ownerDesignName>
<engineerTo>
<item key="EA66ACB9-7A17-64FF-CCC1-3D1A33CD2672" value="true"/>
</engineerTo>
<useDomainConstraints>false</useDomainConstraints>
<use>0</use>
<logicalDatatype>LOGDT019</logicalDatatype>
<dataTypePrecision>2</dataTypePrecision>
<domain>86996079-C32E-F64B-517E-DF348698F4E3</domain>
<ownDataTypeParameters>,2,</ownDataTypeParameters>
</Attribute>
<Attribute name="jack_move_count" id="0B039835-F29A-E50C-1C18-3F96664D3ED2">
<createdBy>KOSA</createdBy>
<createdTime>2024-05-01 03:32:08 UTC</createdTime>
<ownerDesignName>tttt</ownerDesignName>
<engineerTo>
<item key="EA66ACB9-7A17-64FF-CCC1-3D1A33CD2672" value="true"/>
</engineerTo>
<useDomainConstraints>false</useDomainConstraints>
<use>0</use>
<logicalDatatype>LOGDT019</logicalDatatype>
<dataTypePrecision>1</dataTypePrecision>
<domain>460DE08C-FF29-F692-4DA7-6681841765AA</domain>
<ownDataTypeParameters>,1,</ownDataTypeParameters>
</Attribute>
<Attribute name="police_move_count" id="C0BADAB7-DC06-75F5-D8F8-F4989907948C">
<createdBy>KOSA</createdBy>
<createdTime>2024-05-01 03:32:08 UTC</createdTime>
<ownerDesignName>tttt</ownerDesignName>
<engineerTo>
<item key="EA66ACB9-7A17-64FF-CCC1-3D1A33CD2672" value="true"/>
</engineerTo>
<useDomainConstraints>false</useDomainConstraints>
<use>0</use>
<logicalDatatype>LOGDT019</logicalDatatype>
<dataTypePrecision>1</dataTypePrecision>
<domain>460DE08C-FF29-F692-4DA7-6681841765AA</domain>
<ownDataTypeParameters>,1,</ownDataTypeParameters>
</Attribute>
<Attribute name="last_turn_number" id="460ABB4E-56A6-9C6E-8E8B-6ED949B74A17">
<createdBy>KOSA</createdBy>
<createdTime>2024-05-01 03:32:23 UTC</createdTime>
<ownerDesignName>tttt</ownerDesignName>
<engineerTo>
<item key="EA66ACB9-7A17-64FF-CCC1-3D1A33CD2672" value="true"/>
</engineerTo>
<useDomainConstraints>false</useDomainConstraints>
<use>0</use>
<logicalDatatype>LOGDT019</logicalDatatype>
<dataTypePrecision>3</dataTypePrecision>
<domain>F289B161-B1DC-A399-7DF9-72A106E8A015</domain>
<ownDataTypeParameters>,3,</ownDataTypeParameters>
</Attribute>
<Attribute name="turn_limit_time_s" id="185E5575-7305-297C-67DA-C5FED4081CA3">
<createdBy>KOSA</createdBy>
<createdTime>2024-05-01 03:32:45 UTC</createdTime>
<ownerDesignName>tttt</ownerDesignName>
<engineerTo>
<item key="EA66ACB9-7A17-64FF-CCC1-3D1A33CD2672" value="true"/>
</engineerTo>
<useDomainConstraints>false</useDomainConstraints>
<use>0</use>
<logicalDatatype>LOGDT019</logicalDatatype>
<dataTypePrecision>3</dataTypePrecision>
<domain>116CCAF5-EDB8-696C-A875-8EE93CF1E6E6</domain>
<ownDataTypeParameters>,3,</ownDataTypeParameters>
</Attribute>
<Attribute name="create_time" id="F213F68A-77DD-7C06-562D-1E88C5892CB9">
<createdBy>KOSA</createdBy>
<createdTime>2024-05-01 07:09:43 UTC</createdTime>
<ownerDesignName>tttt</ownerDesignName>
<engineerTo>
<item key="EA66ACB9-7A17-64FF-CCC1-3D1A33CD2672" value="true"/>
</engineerTo>
<useDomainConstraints>false</useDomainConstraints>
<use>1</use>
<logicalDatatype>LOGDT008</logicalDatatype>
<ownDataTypeParameters>,,</ownDataTypeParameters>
</Attribute>
<Attribute name="current_Indicator" id="EE68D3D2-7DD4-55CA-E919-046809CC76B2">
<createdBy>KOSA</createdBy>
<createdTime>2024-05-01 07:27:29 UTC</createdTime>
<ownerDesignName>tttt</ownerDesignName>
<engineerTo>
<item key="EA66ACB9-7A17-64FF-CCC1-3D1A33CD2672" value="true"/>
</engineerTo>
<useDomainConstraints>false</useDomainConstraints>
<use>0</use>
<logicalDatatype>LOGDT024</logicalDatatype>
<dataTypeSize>1</dataTypeSize>
<domain>3C514611-1095-0755-592D-3BFBC52767E7</domain>
<ownDataTypeParameters>1,,</ownDataTypeParameters>
</Attribute>
</attributes>
<identifiers itemClass="oracle.dbtools.crest.model.design.logical.CandidateKey">
<identifier id="22A54297-32A0-4300-D07A-B4E8FB4B7E03" name="Version PK">
<createdBy>KOSA</createdBy>
<createdTime>2024-05-01 03:29:06 UTC</createdTime>
<ownerDesignName>tttt</ownerDesignName>
<shouldEngineer>false</shouldEngineer>
<engineerTo>
<item key="EA66ACB9-7A17-64FF-CCC1-3D1A33CD2672" value="false"/>
</engineerTo>
<pk>true</pk>
<usedAttributes>
<attributeRef>41FCCFED-38EE-11E3-FCF7-D780B0EBEEDB</attributeRef>
</usedAttributes>
</identifier>
</identifiers>
</Entity>