<?xml version = '1.0' encoding = 'UTF-8'?>
<Entity class="oracle.dbtools.crest.model.design.logical.Entity" directorySegmentName="seg_0" id="CD43666A-91FB-D354-43CE-EAAF28D95564" name="Node">
<createdBy>KOSA</createdBy>
<createdTime>2024-04-30 06:32:53 UTC</createdTime>
<ownerDesignName>tttt</ownerDesignName>
<engineerTo>
<item key="EA66ACB9-7A17-64FF-CCC1-3D1A33CD2672" value="true"/>
</engineerTo>
<adequatelyNormalized>NO</adequatelyNormalized>
<expectedVolumes>0</expectedVolumes>
<fwdEngineeringStrategyName>Single Table</fwdEngineeringStrategyName>
<growthPercent>0</growthPercent>
<growthType>Year</growthType>
<maxVolumes>9999999</maxVolumes>
<minVolumes>0</minVolumes>
<normalForm>Third</normalForm>
<attributes itemClass="oracle.dbtools.crest.model.design.logical.Attribute">
<Attribute name="node_id" id="67A85693-9CE9-7FF3-3BF3-F00E67E8AF09">
<createdBy>KOSA</createdBy>
<createdTime>2024-04-30 06:33:09 UTC</createdTime>
<ownerDesignName>tttt</ownerDesignName>
<engineerTo>
<item key="EA66ACB9-7A17-64FF-CCC1-3D1A33CD2672" value="true"/>
</engineerTo>
<use>0</use>
<logicalDatatype>LOGDT019</logicalDatatype>
<domain>9142CE01-F66B-9F35-1991-C13E9BFE3940</domain>
<ownDataTypeParameters>,,</ownDataTypeParameters>
</Attribute>
<Attribute name="node_name" id="87939E28-B245-09F3-10AB-60E85A2B8FD7">
<createdBy>KOSA</createdBy>
<createdTime>2024-04-30 06:33:09 UTC</createdTime>
<ownerDesignName>tttt</ownerDesignName>
<engineerTo>
<item key="EA66ACB9-7A17-64FF-CCC1-3D1A33CD2672" value="true"/>
</engineerTo>
<use>0</use>
<logicalDatatype>LOGDT024</logicalDatatype>
<domain>11DA9C77-5EC6-E96B-F4CA-BA2751C6F2E3</domain>
<ownDataTypeParameters>,,</ownDataTypeParameters>
</Attribute>
<Attribute name="node_state" id="AACD90CB-47DE-7621-AAAF-E70EDDAE0A31">
<createdBy>KOSA</createdBy>
<createdTime>2024-04-30 08:17:01 UTC</createdTime>
<ownerDesignName>tttt</ownerDesignName>
<engineerTo>
<item key="EA66ACB9-7A17-64FF-CCC1-3D1A33CD2672" value="true"/>
</engineerTo>
<use>0</use>
<logicalDatatype>LOGDT024</logicalDatatype>
<domain>3C514611-1095-0755-592D-3BFBC52767E7</domain>
<ownDataTypeParameters>,,</ownDataTypeParameters>
</Attribute>
<Attribute name="PlayRoom_play_room_id" id="8F215AAC-26E5-7E54-12C0-D47B78DBB0C4">
<createdBy>KOSA</createdBy>
<createdTime>2024-05-01 23:48:38 UTC</createdTime>
<generatorID>FDC1FFA9-A9BE-8994-F25C-4F4101E0A3DC</generatorID>
<ownerDesignName>tttt</ownerDesignName>
<engineerTo>
<item key="EA66ACB9-7A17-64FF-CCC1-3D1A33CD2672" value="true"/>
</engineerTo>
<referedAttribute>5CE30B80-3B9E-23EB-D07D-C454C7CA026A</referedAttribute>
<use>0</use>
<logicalDatatype>LOGDT019</logicalDatatype>
<domain>9142CE01-F66B-9F35-1991-C13E9BFE3940</domain>
<ownDataTypeParameters>,,</ownDataTypeParameters>
</Attribute>
<Attribute name="PlayRoom_role" id="7499702D-7502-CF97-D4DC-B196730FED13">
<createdBy>KOSA</createdBy>
<createdTime>2024-05-02 00:18:31 UTC</createdTime>
<generatorID>FDC1FFA9-A9BE-8994-F25C-4F4101E0A3DC</generatorID>
<ownerDesignName>tttt</ownerDesignName>
<engineerTo>
<item key="EA66ACB9-7A17-64FF-CCC1-3D1A33CD2672" value="true"/>
</engineerTo>
<referedAttribute>13E6729D-A998-A258-F51C-1311E9539D24</referedAttribute>
<useDomainConstraints>false</useDomainConstraints>
<use>0</use>
<logicalDatatype>LOGDT024</logicalDatatype>
<dataTypeSize>1</dataTypeSize>
<domain>3C514611-1095-0755-592D-3BFBC52767E7</domain>
<ownDataTypeParameters>,,</ownDataTypeParameters>
</Attribute>
</attributes>
<identifiers itemClass="oracle.dbtools.crest.model.design.logical.CandidateKey">
<identifier id="29540E47-3CB8-2B7D-B8D5-E128F9C88023" name="Node PK">
<createdBy>KOSA</createdBy>
<createdTime>2024-04-30 06:35:49 UTC</createdTime>
<ownerDesignName>tttt</ownerDesignName>
<shouldEngineer>false</shouldEngineer>
<engineerTo>
<item key="EA66ACB9-7A17-64FF-CCC1-3D1A33CD2672" value="false"/>
</engineerTo>
<pk>true</pk>
<usedAttributes>
<attributeRef>67A85693-9CE9-7FF3-3BF3-F00E67E8AF09</attributeRef>
</usedAttributes>
</identifier>
</identifiers>
</Entity>