<?xml version = '1.0' encoding = 'UTF-8'?>
<Entity class="oracle.dbtools.crest.model.design.logical.Entity" directorySegmentName="seg_0" id="F8CE3C90-BC76-EBE3-CEAD-E5F894AF60ED" name="NodeDirection">
<createdBy>KOSA</createdBy>
<createdTime>2024-04-30 06:36:14 UTC</createdTime>
<ownerDesignName>tttt</ownerDesignName>
<engineerTo>
<item key="EA66ACB9-7A17-64FF-CCC1-3D1A33CD2672" value="true"/>
</engineerTo>
<adequatelyNormalized>NO</adequatelyNormalized>
<expectedVolumes>0</expectedVolumes>
<fwdEngineeringStrategyName>Single Table</fwdEngineeringStrategyName>
<growthPercent>0</growthPercent>
<growthType>Year</growthType>
<maxVolumes>9999999</maxVolumes>
<minVolumes>0</minVolumes>
<normalForm>Third</normalForm>
<attributes itemClass="oracle.dbtools.crest.model.design.logical.Attribute">
<Attribute name="node_direction_id" id="63EAAE3A-D179-0E6F-A77E-48BA1D22E946">
<createdBy>KOSA</createdBy>
<createdTime>2024-04-30 06:36:47 UTC</createdTime>
<ownerDesignName>tttt</ownerDesignName>
<engineerTo>
<item key="EA66ACB9-7A17-64FF-CCC1-3D1A33CD2672" value="true"/>
</engineerTo>
<use>0</use>
<logicalDatatype>LOGDT019</logicalDatatype>
<domain>9142CE01-F66B-9F35-1991-C13E9BFE3940</domain>
<ownDataTypeParameters>,,</ownDataTypeParameters>
</Attribute>
<Attribute name="left_top" id="1C899741-DA80-3543-7542-2E5372FE7640">
<createdBy>KOSA</createdBy>
<createdTime>2024-04-30 06:36:48 UTC</createdTime>
<ownerDesignName>tttt</ownerDesignName>
<engineerTo>
<item key="EA66ACB9-7A17-64FF-CCC1-3D1A33CD2672" value="true"/>
</engineerTo>
<use>0</use>
<logicalDatatype>LOGDT024</logicalDatatype>
<domain>3C514611-1095-0755-592D-3BFBC52767E7</domain>
<ownDataTypeParameters>,,</ownDataTypeParameters>
</Attribute>
<Attribute name="top" id="B0057CC3-6071-5618-3474-949E5CD2377F">
<createdBy>KOSA</createdBy>
<createdTime>2024-04-30 06:36:50 UTC</createdTime>
<ownerDesignName>tttt</ownerDesignName>
<engineerTo>
<item key="EA66ACB9-7A17-64FF-CCC1-3D1A33CD2672" value="true"/>
</engineerTo>
<use>0</use>
<logicalDatatype>LOGDT024</logicalDatatype>
<domain>3C514611-1095-0755-592D-3BFBC52767E7</domain>
<ownDataTypeParameters>,,</ownDataTypeParameters>
</Attribute>
<Attribute name="right_top" id="FCDBF8FD-B28F-7C88-BE0E-FAAA0C887BCF">
<createdBy>KOSA</createdBy>
<createdTime>2024-04-30 06:36:50 UTC</createdTime>
<ownerDesignName>tttt</ownerDesignName>
<engineerTo>
<item key="EA66ACB9-7A17-64FF-CCC1-3D1A33CD2672" value="true"/>
</engineerTo>
<use>0</use>
<logicalDatatype>LOGDT024</logicalDatatype>
<domain>3C514611-1095-0755-592D-3BFBC52767E7</domain>
<ownDataTypeParameters>,,</ownDataTypeParameters>
</Attribute>
<Attribute name="left" id="A4125A3A-2BEF-B403-FC12-9F62ED6E53B9">
<createdBy>KOSA</createdBy>
<createdTime>2024-04-30 06:36:50 UTC</createdTime>
<ownerDesignName>tttt</ownerDesignName>
<engineerTo>
<item key="EA66ACB9-7A17-64FF-CCC1-3D1A33CD2672" value="true"/>
</engineerTo>
<use>0</use>
<logicalDatatype>LOGDT024</logicalDatatype>
<domain>3C514611-1095-0755-592D-3BFBC52767E7</domain>
<ownDataTypeParameters>,,</ownDataTypeParameters>
</Attribute>
<Attribute name="right" id="582CE58E-5779-4BCF-348A-966196736A89">
<createdBy>KOSA</createdBy>
<createdTime>2024-04-30 06:39:21 UTC</createdTime>
<ownerDesignName>tttt</ownerDesignName>
<engineerTo>
<item key="EA66ACB9-7A17-64FF-CCC1-3D1A33CD2672" value="true"/>
</engineerTo>
<use>0</use>
<logicalDatatype>LOGDT024</logicalDatatype>
<domain>3C514611-1095-0755-592D-3BFBC52767E7</domain>
<ownDataTypeParameters>,,</ownDataTypeParameters>
</Attribute>
<Attribute name="left_bottom" id="5ECE6468-80D4-5238-D063-2892D3159212">
<createdBy>KOSA</createdBy>
<createdTime>2024-04-30 06:39:21 UTC</createdTime>
<ownerDesignName>tttt</ownerDesignName>
<engineerTo>
<item key="EA66ACB9-7A17-64FF-CCC1-3D1A33CD2672" value="true"/>
</engineerTo>
<use>0</use>
<logicalDatatype>LOGDT024</logicalDatatype>
<domain>3C514611-1095-0755-592D-3BFBC52767E7</domain>
<ownDataTypeParameters>,,</ownDataTypeParameters>
</Attribute>
<Attribute name="bottom" id="A3B6E784-81E7-D1F8-3EDA-D6096F095240">
<createdBy>KOSA</createdBy>
<createdTime>2024-04-30 06:39:21 UTC</createdTime>
<ownerDesignName>tttt</ownerDesignName>
<engineerTo>
<item key="EA66ACB9-7A17-64FF-CCC1-3D1A33CD2672" value="true"/>
</engineerTo>
<use>0</use>
<logicalDatatype>LOGDT024</logicalDatatype>
<domain>3C514611-1095-0755-592D-3BFBC52767E7</domain>
<ownDataTypeParameters>,,</ownDataTypeParameters>
</Attribute>
<Attribute name="right_bottom" id="88B5D8C4-D22B-11B6-08F0-8FA34341FAC0">
<createdBy>KOSA</createdBy>
<createdTime>2024-04-30 06:39:22 UTC</createdTime>
<ownerDesignName>tttt</ownerDesignName>
<engineerTo>
<item key="EA66ACB9-7A17-64FF-CCC1-3D1A33CD2672" value="true"/>
</engineerTo>
<use>0</use>
<logicalDatatype>LOGDT024</logicalDatatype>
<domain>3C514611-1095-0755-592D-3BFBC52767E7</domain>
<ownDataTypeParameters>,,</ownDataTypeParameters>
</Attribute>
<Attribute name="Node_node_id" id="E5C2D70F-FA89-E91F-11B6-CB6A27A52A6E">
<createdBy>KOSA</createdBy>
<createdTime>2024-05-02 01:16:05 UTC</createdTime>
<generatorID>341A416B-B4CF-6FB8-2E4D-89BFEF76783F</generatorID>
<ownerDesignName>tttt</ownerDesignName>
<engineerTo>
<item key="EA66ACB9-7A17-64FF-CCC1-3D1A33CD2672" value="true"/>
</engineerTo>
<referedAttribute>67A85693-9CE9-7FF3-3BF3-F00E67E8AF09</referedAttribute>
<use>0</use>
<logicalDatatype>LOGDT019</logicalDatatype>
<domain>9142CE01-F66B-9F35-1991-C13E9BFE3940</domain>
<ownDataTypeParameters>,,</ownDataTypeParameters>
</Attribute>
</attributes>
<identifiers itemClass="oracle.dbtools.crest.model.design.logical.CandidateKey">
<identifier id="34A7724E-C5CE-2A42-FE5B-BCAFE4E4FCF9" name="NodeDirection PK">
<createdBy>KOSA</createdBy>
<createdTime>2024-05-01 07:56:02 UTC</createdTime>
<ownerDesignName>tttt</ownerDesignName>
<shouldEngineer>false</shouldEngineer>
<engineerTo>
<item key="EA66ACB9-7A17-64FF-CCC1-3D1A33CD2672" value="false"/>
</engineerTo>
<pk>true</pk>
<usedAttributes>
<attributeRef>63EAAE3A-D179-0E6F-A77E-48BA1D22E946</attributeRef>
</usedAttributes>
</identifier>
</identifiers>
</Entity>