<?xml version = '1.0' encoding = 'UTF-8'?>
<Diagram class="oracle.dbtools.crest.swingui.logical.DPVLogical" name="Logical" id="B1EE7DC1-4E0A-3B4F-3571-6970C95A398E">
<createdBy>KOSA</createdBy>
<modifiedBy>KOSA</modifiedBy>
<createdTime>2024-04-30 03:17:11 UTC</createdTime>
<autoRoute>false</autoRoute>
<boxInbox>true</boxInbox>
<showLegend>false</showLegend>
<showLabels>false</showLabels>
<showRelAttributes>false</showRelAttributes>
<gridEnabled>false</gridEnabled>
<showGrid>false</showGrid>
<diagramColor>-1</diagramColor>
<display>false</display>
<notation>2</notation>
<objectViews>
<OView class="oracle.dbtools.crest.swingui.logical.TVEntity" oid="0C3733BE-3AB8-E20C-D075-52968E30D34F" otype="Entity" vid="0DAC7088-30E3-6EAF-3674-860017862625">
<hideElementsInCurrentOnly>false</hideElementsInCurrentOnly>
<bounds x="497" y="79" width="170" height="127"/>
</OView>
<OView class="oracle.dbtools.crest.swingui.logical.TVEntity" oid="2AB76BAC-34F0-DCC9-C480-5A99879599A7" otype="Entity" vid="9BDF43F4-A35F-CED9-F600-A8EE4494AC1B">
<hideElementsInCurrentOnly>false</hideElementsInCurrentOnly>
<bounds x="686" y="20" width="254" height="220"/>
</OView>
<OView class="oracle.dbtools.crest.swingui.logical.TVEntity" oid="C031C6B8-0B28-4C5B-8E8C-F3D8E8543C55" otype="Entity" vid="C6A3EBDB-CBAA-0E3D-C16F-EEBECDEA9249">
<hideElementsInCurrentOnly>false</hideElementsInCurrentOnly>
<bounds x="268" y="55" width="170" height="144"/>
</OView>
<OView class="oracle.dbtools.crest.swingui.logical.TVEntity" oid="CD43666A-91FB-D354-43CE-EAAF28D95564" otype="Entity" vid="BB233CDD-F540-19CB-6B5F-639ED8E1AF34">
<hideElementsInCurrentOnly>false</hideElementsInCurrentOnly>
<bounds x="26" y="293" width="249" height="166"/>
</OView>
<OView class="oracle.dbtools.crest.swingui.logical.TVEntity" oid="F11CE7A1-CC43-06EB-F6F6-FD879657E4D0" otype="Entity" vid="7ECE20FF-5609-8D40-2E4B-199B963CC827">
<hideElementsInCurrentOnly>false</hideElementsInCurrentOnly>
<bounds x="209" y="501" width="424" height="132"/>
</OView>
<OView class="oracle.dbtools.crest.swingui.logical.TVEntity" oid="F6B90A67-331E-C4DC-29D0-B41BF10CB3FF" otype="Entity" vid="C76B6589-F47E-53B2-1EBC-9991DC612C2E">
<hideElementsInCurrentOnly>false</hideElementsInCurrentOnly>
<bounds x="382" y="292" width="443" height="146"/>
</OView>
<OView class="oracle.dbtools.crest.swingui.logical.TVEntity" oid="F8CE3C90-BC76-EBE3-CEAD-E5F894AF60ED" otype="Entity" vid="25E1C51B-B593-57C3-9F8B-0802730B2D8B">
<hideElementsInCurrentOnly>false</hideElementsInCurrentOnly>
<bounds x="25" y="8" width="219" height="221"/>
</OView>
</objectViews>
<connectors>
<Connector class="oracle.dbtools.crest.swingui.logical.TVRelation" oid="068DBB9D-326A-5E60-22ED-82ECB22963F9" otype="Relation" vid_source="0DAC7088-30E3-6EAF-3674-860017862625" vid_target="C6A3EBDB-CBAA-0E3D-C16F-EEBECDEA9249">
<hideElementsInCurrentOnly>false</hideElementsInCurrentOnly>
<backgroundColor>-16777216</backgroundColor>
<lineWidth>1</lineWidth>
<points>
<point x="497" y="139"/>
<point x="438" y="139"/>
</points>
</Connector>
<Connector class="oracle.dbtools.crest.swingui.logical.TVRelation" oid="1CE512D2-86F1-F136-3AF9-8F033D0C88BB" otype="Relation" vid_source="C76B6589-F47E-53B2-1EBC-9991DC612C2E" vid_target="7ECE20FF-5609-8D40-2E4B-199B963CC827">
<hideElementsInCurrentOnly>false</hideElementsInCurrentOnly>
<backgroundColor>-16777216</backgroundColor>
<lineWidth>1</lineWidth>
<points>
<point x="507" y="438"/>
<point x="507" y="501"/>
</points>
</Connector>
<Connector class="oracle.dbtools.crest.swingui.logical.TVRelation" oid="341A416B-B4CF-6FB8-2E4D-89BFEF76783F" otype="Relation" vid_source="BB233CDD-F540-19CB-6B5F-639ED8E1AF34" vid_target="25E1C51B-B593-57C3-9F8B-0802730B2D8B">
<hideElementsInCurrentOnly>false</hideElementsInCurrentOnly>
<backgroundColor>-16777216</backgroundColor>
<lineWidth>1</lineWidth>
<points>
<point x="135" y="293"/>
<point x="135" y="229"/>
</points>
</Connector>
<Connector class="oracle.dbtools.crest.swingui.logical.TVRelation" oid="CE6D06EA-4E7C-CBF3-EAA6-EB583D73B2C7" otype="Relation" vid_source="9BDF43F4-A35F-CED9-F600-A8EE4494AC1B" vid_target="C76B6589-F47E-53B2-1EBC-9991DC612C2E">
<hideElementsInCurrentOnly>false</hideElementsInCurrentOnly>
<backgroundColor>-16777216</backgroundColor>
<lineWidth>1</lineWidth>
<points>
<point x="755" y="240"/>
<point x="755" y="292"/>
</points>
</Connector>
<Connector class="oracle.dbtools.crest.swingui.logical.TVRelation" oid="E03BB7D9-2B0D-BD92-6B7B-DD2919E4BEB2" otype="Relation" vid_source="0DAC7088-30E3-6EAF-3674-860017862625" vid_target="C76B6589-F47E-53B2-1EBC-9991DC612C2E">
<hideElementsInCurrentOnly>false</hideElementsInCurrentOnly>
<backgroundColor>-16777216</backgroundColor>
<lineWidth>1</lineWidth>
<points>
<point x="582" y="206"/>
<point x="582" y="292"/>
</points>
</Connector>
<Connector class="oracle.dbtools.crest.swingui.logical.TVRelation" oid="EB25831F-F321-981F-DD53-6AE0D3AD3EE4" otype="Relation" vid_source="BB233CDD-F540-19CB-6B5F-639ED8E1AF34" vid_target="7ECE20FF-5609-8D40-2E4B-199B963CC827">
<hideElementsInCurrentOnly>false</hideElementsInCurrentOnly>
<backgroundColor>-16777216</backgroundColor>
<lineWidth>1</lineWidth>
<points>
<point x="242" y="459"/>
<point x="242" y="501"/>
</points>
</Connector>
<Connector class="oracle.dbtools.crest.swingui.logical.TVRelation" oid="FDC1FFA9-A9BE-8994-F25C-4F4101E0A3DC" otype="Relation" vid_source="C76B6589-F47E-53B2-1EBC-9991DC612C2E" vid_target="BB233CDD-F540-19CB-6B5F-639ED8E1AF34">
<hideElementsInCurrentOnly>false</hideElementsInCurrentOnly>
<backgroundColor>-16777216</backgroundColor>
<lineWidth>1</lineWidth>
<points>
<point x="382" y="365"/>
<point x="275" y="365"/>
</points>
</Connector>
</connectors>
</Diagram>