<?xml version = '1.0' encoding = 'UTF-8'?>
<Table class="oracle.dbtools.crest.model.design.relational.Table" directorySegmentName="seg_0" id="69BAF1A5-3CEE-4FBF-490F-927B68BE4F22" name="PlayRoom">
<createdBy>KOSA</createdBy>
<createdTime>2024-05-02 02:16:22 UTC</createdTime>
<generatorID>F6B90A67-331E-C4DC-29D0-B41BF10CB3FF</generatorID>
<ownerDesignName>tttt</ownerDesignName>
<allowColumnReorder>false</allowColumnReorder>
<existDependencyGenerateInDDl>true</existDependencyGenerateInDDl>
<parsed>true</parsed>
<columns itemClass="oracle.dbtools.crest.model.design.relational.Column">
<Column name="play_room_id" id="7AB9EFBE-98F4-CAD3-4736-58700C45BB46">
<createdBy>KOSA</createdBy>
<createdTime>2024-05-02 02:16:22 UTC</createdTime>
<generatorID>5CE30B80-3B9E-23EB-D07D-C454C7CA026A</generatorID>
<ownerDesignName>tttt</ownerDesignName>
<use>0</use>
<logicalDatatype>LOGDT019</logicalDatatype>
<domain>9142CE01-F66B-9F35-1991-C13E9BFE3940</domain>
<ownDataTypeParameters>,,</ownDataTypeParameters>
<autoIncrementCycle>false</autoIncrementCycle>
</Column>
<Column name="role" id="70044388-B70C-3880-2336-E404B5ABBD40">
<createdBy>KOSA</createdBy>
<createdTime>2024-05-02 02:16:22 UTC</createdTime>
<generatorID>13E6729D-A998-A258-F51C-1311E9539D24</generatorID>
<ownerDesignName>tttt</ownerDesignName>
<useDomainConstraints>false</useDomainConstraints>
<use>0</use>
<logicalDatatype>LOGDT024</logicalDatatype>
<dataTypeSize>1</dataTypeSize>
<domain>3C514611-1095-0755-592D-3BFBC52767E7</domain>
<ownDataTypeParameters>1,,</ownDataTypeParameters>
<autoIncrementCycle>false</autoIncrementCycle>
</Column>
<Column name="GameVersion_game_version_id" id="72893EA5-2409-6139-11EF-2C2500A6B52F">
<createdBy>KOSA</createdBy>
<createdTime>2024-05-02 02:16:22 UTC</createdTime>
<generatorID>CC89881E-C55E-BCF4-3FCF-D3A75F262307</generatorID>
<ownerDesignName>tttt</ownerDesignName>
<use>0</use>
<logicalDatatype>LOGDT019</logicalDatatype>
<domain>9142CE01-F66B-9F35-1991-C13E9BFE3940</domain>
<ownDataTypeParameters>,,</ownDataTypeParameters>
<previousColumn>false</previousColumn>
<autoIncrementCycle>false</autoIncrementCycle>
<associations>
<colAssociation fkAssociation="A9C86EB8-FAD8-83F8-A6EC-2AD8AD8E2B48" referredColumn="043413BB-E35B-C67C-15B9-8FC6A851B0D9"/>
</associations>
</Column>
<Column name="Player_player_id" id="289E2FC0-D4BB-1DB0-53AA-B1C96FBDA43A">
<createdBy>KOSA</createdBy>
<createdTime>2024-05-02 02:16:22 UTC</createdTime>
<generatorID>6F7E64EF-D3C7-76D8-9BFF-6AA5358ECBF9</generatorID>
<ownerDesignName>tttt</ownerDesignName>
<use>0</use>
<logicalDatatype>LOGDT019</logicalDatatype>
<domain>9142CE01-F66B-9F35-1991-C13E9BFE3940</domain>
<ownDataTypeParameters>,,</ownDataTypeParameters>
<previousColumn>false</previousColumn>
<autoIncrementCycle>false</autoIncrementCycle>
<associations>
<colAssociation fkAssociation="953DE2FB-DC71-E6A3-1062-A94C49E6F12B" referredColumn="9A11088C-AC2C-59FE-2132-6B825B766B02"/>
</associations>
</Column>
</columns>
<indexes itemClass="oracle.dbtools.crest.model.design.relational.Index">
<ind_PK_UK id="F712439C-0A5B-89D1-83E2-06E8781E99FD" name="PlayRoom_PK">
<createdBy>KOSA</createdBy>
<createdTime>2024-05-02 02:16:22 UTC</createdTime>
<generatorID>6CFB5B97-C365-03B0-D80C-06530D8D3F5E</generatorID>
<ownerDesignName>tttt</ownerDesignName>
<pk>true</pk>
<indexState>Primary Constraint</indexState>
<isSurrogateKey>false</isSurrogateKey>
<indexColumnUsage>
<colUsage columnID="7AB9EFBE-98F4-CAD3-4736-58700C45BB46"/>
<colUsage columnID="70044388-B70C-3880-2336-E404B5ABBD40"/>
</indexColumnUsage>
</ind_PK_UK>
<ind_PK_UK id="8A2B705D-FF7A-54E6-F646-940B7BC19A0C" name="PlayRoom_Player_FK">
<createdBy>KOSA</createdBy>
<createdTime>2024-05-02 02:16:22 UTC</createdTime>
<generatorID>E03BB7D9-2B0D-BD92-6B7B-DD2919E4BEB2</generatorID>
<ownerDesignName>tttt</ownerDesignName>
<indexState>Foreign Key</indexState>
<isSurrogateKey>false</isSurrogateKey>
<indexColumnUsage>
<colUsage columnID="289E2FC0-D4BB-1DB0-53AA-B1C96FBDA43A"/>
</indexColumnUsage>
</ind_PK_UK>
<ind_PK_UK id="DC00639B-6EBC-C828-B8FB-B3A95DD362B1" name="PlayRoom_GameVersion_FK">
<createdBy>KOSA</createdBy>
<createdTime>2024-05-02 02:16:22 UTC</createdTime>
<generatorID>CE6D06EA-4E7C-CBF3-EAA6-EB583D73B2C7</generatorID>
<ownerDesignName>tttt</ownerDesignName>
<indexState>Foreign Key</indexState>
<isSurrogateKey>false</isSurrogateKey>
<indexColumnUsage>
<colUsage columnID="72893EA5-2409-6139-11EF-2C2500A6B52F"/>
</indexColumnUsage>
</ind_PK_UK>
</indexes>
</Table>