<?xml version = '1.0' encoding = 'UTF-8'?>
<Table class="oracle.dbtools.crest.model.design.relational.Table" directorySegmentName="seg_0" id="BB7D7C54-47D0-3E99-9501-8B51C7FC5911" name="GameVersion">
<createdBy>KOSA</createdBy>
<createdTime>2024-05-02 02:16:22 UTC</createdTime>
<generatorID>2AB76BAC-34F0-DCC9-C480-5A99879599A7</generatorID>
<ownerDesignName>tttt</ownerDesignName>
<allowColumnReorder>false</allowColumnReorder>
<existDependencyGenerateInDDl>true</existDependencyGenerateInDDl>
<parsed>true</parsed>
<columns itemClass="oracle.dbtools.crest.model.design.relational.Column">
<Column name="game_version_id" id="043413BB-E35B-C67C-15B9-8FC6A851B0D9">
<createdBy>KOSA</createdBy>
<createdTime>2024-05-02 02:16:22 UTC</createdTime>
<generatorID>41FCCFED-38EE-11E3-FCF7-D780B0EBEEDB</generatorID>
<ownerDesignName>tttt</ownerDesignName>
<use>0</use>
<logicalDatatype>LOGDT019</logicalDatatype>
<domain>9142CE01-F66B-9F35-1991-C13E9BFE3940</domain>
<ownDataTypeParameters>,,</ownDataTypeParameters>
<autoIncrementCycle>false</autoIncrementCycle>
</Column>
<Column name="game_version" id="AC2E2F6B-5461-53CF-9D0C-873CC1AFB9E5">
<createdBy>KOSA</createdBy>
<createdTime>2024-05-02 02:16:22 UTC</createdTime>
<generatorID>B8126D0A-5DA1-E342-C827-26E1C39432D2</generatorID>
<ownerDesignName>tttt</ownerDesignName>
<use>0</use>
<logicalDatatype>LOGDT024</logicalDatatype>
<dataTypeSize>10</dataTypeSize>
<domain>EB4664C7-7445-40DE-71C6-380B03D0DF27</domain>
<ownDataTypeParameters>10,,</ownDataTypeParameters>
<autoIncrementCycle>false</autoIncrementCycle>
</Column>
<Column name="game_field_row" id="B40E9F59-B008-FC62-C34E-CA9932DFF925">
<createdBy>KOSA</createdBy>
<createdTime>2024-05-02 02:16:22 UTC</createdTime>
<generatorID>6145BAB6-E511-5423-9A7D-8DA06D0AB94F</generatorID>
<ownerDesignName>tttt</ownerDesignName>
<useDomainConstraints>false</useDomainConstraints>
<use>0</use>
<logicalDatatype>LOGDT019</logicalDatatype>
<dataTypePrecision>2</dataTypePrecision>
<domain>86996079-C32E-F64B-517E-DF348698F4E3</domain>
<ownDataTypeParameters>,2,</ownDataTypeParameters>
<autoIncrementCycle>false</autoIncrementCycle>
</Column>
<Column name="game_field_col" id="D467EC86-AD18-4965-02F2-47348A3A8104">
<createdBy>KOSA</createdBy>
<createdTime>2024-05-02 02:16:22 UTC</createdTime>
<generatorID>7F8DA004-0031-4DFB-8264-EF30ABDB8366</generatorID>
<ownerDesignName>tttt</ownerDesignName>
<useDomainConstraints>false</useDomainConstraints>
<use>0</use>
<logicalDatatype>LOGDT019</logicalDatatype>
<dataTypePrecision>2</dataTypePrecision>
<domain>86996079-C32E-F64B-517E-DF348698F4E3</domain>
<ownDataTypeParameters>,2,</ownDataTypeParameters>
<autoIncrementCycle>false</autoIncrementCycle>
</Column>
<Column name="jack_move_count" id="79287F84-53AF-9D36-0434-DDF5510C7038">
<createdBy>KOSA</createdBy>
<createdTime>2024-05-02 02:16:22 UTC</createdTime>
<generatorID>0B039835-F29A-E50C-1C18-3F96664D3ED2</generatorID>
<ownerDesignName>tttt</ownerDesignName>
<useDomainConstraints>false</useDomainConstraints>
<use>0</use>
<logicalDatatype>LOGDT019</logicalDatatype>
<dataTypePrecision>1</dataTypePrecision>
<domain>460DE08C-FF29-F692-4DA7-6681841765AA</domain>
<ownDataTypeParameters>,1,</ownDataTypeParameters>
<autoIncrementCycle>false</autoIncrementCycle>
</Column>
<Column name="police_move_count" id="80B61E0D-9898-A629-0E0B-B1C8286B10AB">
<createdBy>KOSA</createdBy>
<createdTime>2024-05-02 02:16:22 UTC</createdTime>
<generatorID>C0BADAB7-DC06-75F5-D8F8-F4989907948C</generatorID>
<ownerDesignName>tttt</ownerDesignName>
<useDomainConstraints>false</useDomainConstraints>
<use>0</use>
<logicalDatatype>LOGDT019</logicalDatatype>
<dataTypePrecision>1</dataTypePrecision>
<domain>460DE08C-FF29-F692-4DA7-6681841765AA</domain>
<ownDataTypeParameters>,1,</ownDataTypeParameters>
<autoIncrementCycle>false</autoIncrementCycle>
</Column>
<Column name="last_turn_number" id="05D1ED80-3329-F8EA-E0A5-B52574D5C988">
<createdBy>KOSA</createdBy>
<createdTime>2024-05-02 02:16:22 UTC</createdTime>
<generatorID>460ABB4E-56A6-9C6E-8E8B-6ED949B74A17</generatorID>
<ownerDesignName>tttt</ownerDesignName>
<useDomainConstraints>false</useDomainConstraints>
<use>0</use>
<logicalDatatype>LOGDT019</logicalDatatype>
<dataTypePrecision>3</dataTypePrecision>
<domain>F289B161-B1DC-A399-7DF9-72A106E8A015</domain>
<ownDataTypeParameters>,3,</ownDataTypeParameters>
<autoIncrementCycle>false</autoIncrementCycle>
</Column>
<Column name="turn_limit_time_s" id="0B2B5022-CD77-E8ED-2AB0-979BD275BA5D">
<createdBy>KOSA</createdBy>
<createdTime>2024-05-02 02:16:22 UTC</createdTime>
<generatorID>185E5575-7305-297C-67DA-C5FED4081CA3</generatorID>
<ownerDesignName>tttt</ownerDesignName>
<useDomainConstraints>false</useDomainConstraints>
<use>0</use>
<logicalDatatype>LOGDT019</logicalDatatype>
<dataTypePrecision>3</dataTypePrecision>
<domain>116CCAF5-EDB8-696C-A875-8EE93CF1E6E6</domain>
<ownDataTypeParameters>,3,</ownDataTypeParameters>
<autoIncrementCycle>false</autoIncrementCycle>
</Column>
<Column name="create_time" id="742F4B2B-C3C0-3E15-0CA2-27ECD07F9995">
<createdBy>KOSA</createdBy>
<createdTime>2024-05-02 02:16:22 UTC</createdTime>
<generatorID>F213F68A-77DD-7C06-562D-1E88C5892CB9</generatorID>
<ownerDesignName>tttt</ownerDesignName>
<useDomainConstraints>false</useDomainConstraints>
<use>1</use>
<logicalDatatype>LOGDT008</logicalDatatype>
<ownDataTypeParameters>,,</ownDataTypeParameters>
<autoIncrementCycle>false</autoIncrementCycle>
</Column>
<Column name="current_Indicator" id="19E74128-5672-5391-142F-D6A8F8EFFE9D">
<createdBy>KOSA</createdBy>
<createdTime>2024-05-02 02:16:22 UTC</createdTime>
<generatorID>EE68D3D2-7DD4-55CA-E919-046809CC76B2</generatorID>
<ownerDesignName>tttt</ownerDesignName>
<useDomainConstraints>false</useDomainConstraints>
<use>0</use>
<logicalDatatype>LOGDT024</logicalDatatype>
<dataTypeSize>1</dataTypeSize>
<domain>3C514611-1095-0755-592D-3BFBC52767E7</domain>
<ownDataTypeParameters>1,,</ownDataTypeParameters>
<autoIncrementCycle>false</autoIncrementCycle>
</Column>
</columns>
<indexes itemClass="oracle.dbtools.crest.model.design.relational.Index">
<ind_PK_UK id="ED4635DA-7CBC-B372-48E8-50920DAFC928" name="GameVersion_PK">
<createdBy>KOSA</createdBy>
<createdTime>2024-05-02 02:16:22 UTC</createdTime>
<generatorID>22A54297-32A0-4300-D07A-B4E8FB4B7E03</generatorID>
<ownerDesignName>tttt</ownerDesignName>
<pk>true</pk>
<indexState>Primary Constraint</indexState>
<isSurrogateKey>false</isSurrogateKey>
<indexColumnUsage>
<colUsage columnID="043413BB-E35B-C67C-15B9-8FC6A851B0D9"/>
</indexColumnUsage>
</ind_PK_UK>
</indexes>
</Table>