<?xml version = '1.0' encoding = 'UTF-8'?>
<FKIndexAssociation class="oracle.dbtools.crest.model.design.relational.FKIndexAssociation" directorySegmentName="seg_0" id="84186B6C-86F4-892C-4A58-13CCA0479D13" containerWithKeyObject="2F7AEB0C-F638-30D1-314A-4C48A7ACC18D" localFKIndex="C337C71D-FA1B-7D3A-1FAC-13F1496D6FC2" name="Play_Game_FK">
<createdBy>KOSA</createdBy>
<createdTime>2024-05-01 02:28:34 UTC</createdTime>
<generatorID>7C6C3105-78A2-C35E-006F-9613DE4237E1</generatorID>
<ownerDesignName>tttt</ownerDesignName>
<referredTableLongName>Game</referredTableLongName>
<deleteRule>NO ACTION</deleteRule>
<referredTableID>26F5F1F3-D497-7446-116B-4631442B9253</referredTableID>
<keyObject>BB1490CC-0AA3-00B6-B0EC-4CF003BCC5B2</keyObject>
<referredKeyID>BB1490CC-0AA3-00B6-B0EC-4CF003BCC5B2</referredKeyID>
<mandatory>true</mandatory>
<refColNames>game_id</refColNames>
<transferable>true</transferable>
<rely>false</rely>
<columnDependencyConstraintGenerateInDDL>true</columnDependencyConstraintGenerateInDDL>
</FKIndexAssociation>