<?xml version = '1.0' encoding = 'UTF-8'?>
<Diagram class="oracle.dbtools.crest.swingui.relational.DPVRelational" name="Relational_1" id="78825196-7645-BF3F-DC27-F5C27D05AE97">
<createdBy>KOSA</createdBy>
<modifiedBy>KOSA</modifiedBy>
<createdTime>2024-04-30 08:29:10 UTC</createdTime>
<autoRoute>false</autoRoute>
<boxInbox>true</boxInbox>
<showLegend>false</showLegend>
<showLabels>false</showLabels>
<showRelAttributes>false</showRelAttributes>
<gridEnabled>false</gridEnabled>
<showGrid>false</showGrid>
<diagramColor>-1</diagramColor>
<display>false</display>
<notation>1</notation>
<objectViews>
<OView class="oracle.dbtools.crest.swingui.relational.TVTable" oid="603F0491-ED7E-4E2A-B165-7A29ECB8A2D5" otype="Table" vid="2BB3AD40-D543-7E7E-534D-76FD37330EFD">
<hideElementsInCurrentOnly>false</hideElementsInCurrentOnly>
<bounds x="497" y="79" width="170" height="127"/>
</OView>
<OView class="oracle.dbtools.crest.swingui.relational.TVTable" oid="69BAF1A5-3CEE-4FBF-490F-927B68BE4F22" otype="Table" vid="D6EE6AB7-A3A0-B860-F943-30876BEE8B33">
<hideElementsInCurrentOnly>false</hideElementsInCurrentOnly>
<bounds x="382" y="292" width="443" height="146"/>
</OView>
<OView class="oracle.dbtools.crest.swingui.relational.TVTable" oid="9F3537E5-D237-FD38-8AFC-27E69DEF7625" otype="Table" vid="6BF45CFB-52CB-14F4-CC5E-F34CBF1D2081">
<hideElementsInCurrentOnly>false</hideElementsInCurrentOnly>
<bounds x="268" y="55" width="170" height="144"/>
</OView>
<OView class="oracle.dbtools.crest.swingui.relational.TVTable" oid="BB7D7C54-47D0-3E99-9501-8B51C7FC5911" otype="Table" vid="C179112A-1EB7-2A50-E32E-93D9C22CD200">
<hideElementsInCurrentOnly>false</hideElementsInCurrentOnly>
<bounds x="686" y="20" width="254" height="220"/>
</OView>
<OView class="oracle.dbtools.crest.swingui.relational.TVTable" oid="BBB03D4A-D65B-0DAA-0707-4F80FAB6803C" otype="Table" vid="C4E46271-5BE5-402E-E36C-C5D68EEA8C6A">
<hideElementsInCurrentOnly>false</hideElementsInCurrentOnly>
<bounds x="26" y="293" width="249" height="166"/>
</OView>
<OView class="oracle.dbtools.crest.swingui.relational.TVTable" oid="DDE15C6E-1622-ED7D-5305-331E77C8BB34" otype="Table" vid="B5889154-FDA1-BADD-1ABF-2A2B28E147FA">
<hideElementsInCurrentOnly>false</hideElementsInCurrentOnly>
<bounds x="209" y="501" width="424" height="132"/>
</OView>
<OView class="oracle.dbtools.crest.swingui.relational.TVTable" oid="EB29A04A-868B-E65E-416D-658BA7E9F2D9" otype="Table" vid="18D63D02-96F6-A284-8FC2-C2F9BB4C78D9">
<hideElementsInCurrentOnly>false</hideElementsInCurrentOnly>
<bounds x="25" y="8" width="219" height="221"/>
</OView>
</objectViews>
<connectors>
<Connector class="oracle.dbtools.crest.swingui.relational.TVFKRelation" oid="127C4B57-7C64-4B9A-6408-8F989ED755AA" otype="FKIndexAssociation" vid_source="D6EE6AB7-A3A0-B860-F943-30876BEE8B33" vid_target="C4E46271-5BE5-402E-E36C-C5D68EEA8C6A">
<hideElementsInCurrentOnly>false</hideElementsInCurrentOnly>
<backgroundColor>-16777216</backgroundColor>
<lineWidth>1</lineWidth>
<points>
<point x="382" y="365"/>
<point x="275" y="365"/>
</points>
</Connector>
<Connector class="oracle.dbtools.crest.swingui.relational.TVFKRelation" oid="2828661B-F596-97F5-59D9-44C7257B9208" otype="FKIndexAssociation" vid_source="2BB3AD40-D543-7E7E-534D-76FD37330EFD" vid_target="6BF45CFB-52CB-14F4-CC5E-F34CBF1D2081">
<hideElementsInCurrentOnly>false</hideElementsInCurrentOnly>
<backgroundColor>-16777216</backgroundColor>
<lineWidth>1</lineWidth>
<points>
<point x="497" y="139"/>
<point x="438" y="139"/>
</points>
</Connector>
<Connector class="oracle.dbtools.crest.swingui.relational.TVFKRelation" oid="3B4545B1-2AA3-2BFC-EBDC-6D0B49684A35" otype="FKIndexAssociation" vid_source="D6EE6AB7-A3A0-B860-F943-30876BEE8B33" vid_target="B5889154-FDA1-BADD-1ABF-2A2B28E147FA">
<hideElementsInCurrentOnly>false</hideElementsInCurrentOnly>
<backgroundColor>-16777216</backgroundColor>
<lineWidth>1</lineWidth>
<points>
<point x="507" y="438"/>
<point x="507" y="501"/>
</points>
</Connector>
<Connector class="oracle.dbtools.crest.swingui.relational.TVFKRelation" oid="6662C5CF-2A85-CA49-4787-2C3B3EF77E2C" otype="FKIndexAssociation" vid_source="C4E46271-5BE5-402E-E36C-C5D68EEA8C6A" vid_target="18D63D02-96F6-A284-8FC2-C2F9BB4C78D9">
<hideElementsInCurrentOnly>false</hideElementsInCurrentOnly>
<backgroundColor>-16777216</backgroundColor>
<lineWidth>1</lineWidth>
<points>
<point x="135" y="293"/>
<point x="135" y="229"/>
</points>
</Connector>
<Connector class="oracle.dbtools.crest.swingui.relational.TVFKRelation" oid="8CB85BBB-9E09-AAFA-4B4B-C148FBD388C9" otype="FKIndexAssociation" vid_source="C4E46271-5BE5-402E-E36C-C5D68EEA8C6A" vid_target="B5889154-FDA1-BADD-1ABF-2A2B28E147FA">
<hideElementsInCurrentOnly>false</hideElementsInCurrentOnly>
<backgroundColor>-16777216</backgroundColor>
<lineWidth>1</lineWidth>
<points>
<point x="242" y="459"/>
<point x="242" y="501"/>
</points>
</Connector>
<Connector class="oracle.dbtools.crest.swingui.relational.TVFKRelation" oid="953DE2FB-DC71-E6A3-1062-A94C49E6F12B" otype="FKIndexAssociation" vid_source="2BB3AD40-D543-7E7E-534D-76FD37330EFD" vid_target="D6EE6AB7-A3A0-B860-F943-30876BEE8B33">
<hideElementsInCurrentOnly>false</hideElementsInCurrentOnly>
<backgroundColor>-16777216</backgroundColor>
<lineWidth>1</lineWidth>
<points>
<point x="582" y="206"/>
<point x="582" y="292"/>
</points>
</Connector>
<Connector class="oracle.dbtools.crest.swingui.relational.TVFKRelation" oid="A9C86EB8-FAD8-83F8-A6EC-2AD8AD8E2B48" otype="FKIndexAssociation" vid_source="C179112A-1EB7-2A50-E32E-93D9C22CD200" vid_target="D6EE6AB7-A3A0-B860-F943-30876BEE8B33">
<hideElementsInCurrentOnly>false</hideElementsInCurrentOnly>
<backgroundColor>-16777216</backgroundColor>
<lineWidth>1</lineWidth>
<points>
<point x="755" y="240"/>
<point x="755" y="292"/>
</points>
</Connector>
</connectors>
</Diagram>