<?xml version = '1.0' encoding = 'UTF-8'?>
<Relation class="oracle.dbtools.crest.model.design.logical.Relation" name="Relation_24" directorySegmentName="seg_0" id="40853551-D121-C60E-C023-E2B1889B9334">
<createdBy>KOSA</createdBy>
<createdTime>2024-05-01 02:27:47 UTC</createdTime>
<ownerDesignName>tttt</ownerDesignName>
<engineerTo>
<item key="EA66ACB9-7A17-64FF-CCC1-3D1A33CD2672" value="true"/>
</engineerTo>
<sourcePk>52AC28FF-1192-1D3C-A75F-DF0923E309A4</sourcePk>
<identifying>false</identifying>
<optionalSource>true</optionalSource>
<optionalTarget>false</optionalTarget>
<sourceCardinality>1</sourceCardinality>
<sourceEntity>F6B90A67-331E-C4DC-29D0-B41BF10CB3FF</sourceEntity>
<targetCardinalityString>*</targetCardinalityString>
<targetEntity>F11CE7A1-CC43-06EB-F6F6-FD879657E4D0</targetEntity>
<transferable>true</transferable>
<deleteRule>NO ACTION</deleteRule>
</Relation>