<?xml version = '1.0' encoding = 'UTF-8'?>
<Relation class="oracle.dbtools.crest.model.design.logical.Relation" name="Relation_16" directorySegmentName="seg_0" id="589C87CA-808A-875D-D49A-4CE2F4209782">
<createdBy>KOSA</createdBy>
<createdTime>2024-04-30 07:28:25 UTC</createdTime>
<ownerDesignName>0430</ownerDesignName>
<engineerTo>
<item key="EA66ACB9-7A17-64FF-CCC1-3D1A33CD2672" value="true"/>
</engineerTo>
<sourcePk>AEEF1DA1-1FEF-5D66-ACA9-7EAF95193CD2</sourcePk>
<identifying>false</identifying>
<optionalSource>true</optionalSource>
<optionalTarget>false</optionalTarget>
<sourceCardinality>1</sourceCardinality>
<sourceEntity>0C3733BE-3AB8-E20C-D075-52968E30D34F</sourceEntity>
<targetCardinalityString>1</targetCardinalityString>
<targetEntity>D73CBC1A-DD25-D621-742A-2486B12EB42A</targetEntity>
<transferable>true</transferable>
<deleteRule>NO ACTION</deleteRule>
</Relation>