<?xml version = '1.0' encoding = 'UTF-8'?>
<Relation class="oracle.dbtools.crest.model.design.logical.Relation" name="Relation_20" directorySegmentName="seg_0" id="E6A2E1CE-CBAE-E943-4490-37389F877571">
<createdBy>KOSA</createdBy>
<createdTime>2024-04-30 07:56:26 UTC</createdTime>
<ownerDesignName>0430</ownerDesignName>
<engineerTo>
<item key="EA66ACB9-7A17-64FF-CCC1-3D1A33CD2672" value="true"/>
</engineerTo>
<sourcePk>7AC3D5E5-22A3-268A-0C48-FC34EEFB70EE</sourcePk>
<identifying>false</identifying>
<optionalSource>true</optionalSource>
<optionalTarget>false</optionalTarget>
<sourceCardinality>1</sourceCardinality>
<sourceEntity>D73CBC1A-DD25-D621-742A-2486B12EB42A</sourceEntity>
<targetCardinalityString>*</targetCardinalityString>
<targetEntity>6E8E8AB8-79F8-A12F-8A47-7355C0F373AA</targetEntity>
<transferable>true</transferable>
<deleteRule>NO ACTION</deleteRule>
</Relation>