<?xml version = '1.0' encoding = 'UTF-8'?>
<Diagram class="oracle.dbtools.crest.swingui.logical.DPVLogical" name="Logical" id="B1EE7DC1-4E0A-3B4F-3571-6970C95A398E">
<createdBy>KOSA</createdBy>
<modifiedBy>KOSA</modifiedBy>
<createdTime>2024-04-30 03:17:11 UTC</createdTime>
<autoRoute>false</autoRoute>
<boxInbox>true</boxInbox>
<showLegend>false</showLegend>
<showLabels>false</showLabels>
<showRelAttributes>false</showRelAttributes>
<gridEnabled>false</gridEnabled>
<showGrid>false</showGrid>
<diagramColor>-1</diagramColor>
<display>false</display>
<notation>1</notation>
<objectViews>
<OView class="oracle.dbtools.crest.swingui.logical.TVEntity" oid="0C3733BE-3AB8-E20C-D075-52968E30D34F" otype="Entity" vid="0DAC7088-30E3-6EAF-3674-860017862625">
<hideElementsInCurrentOnly>false</hideElementsInCurrentOnly>
<bounds x="904" y="84" width="170" height="128"/>
</OView>
<OView class="oracle.dbtools.crest.swingui.logical.TVEntity" oid="6E8E8AB8-79F8-A12F-8A47-7355C0F373AA" otype="Entity" vid="F9C1EBC6-64E8-7AE9-9DEF-4D99FD5D8EB0">
<hideElementsInCurrentOnly>false</hideElementsInCurrentOnly>
<bounds x="613" y="299" width="170" height="155"/>
</OView>
<OView class="oracle.dbtools.crest.swingui.logical.TVEntity" oid="CD43666A-91FB-D354-43CE-EAAF28D95564" otype="Entity" vid="BB233CDD-F540-19CB-6B5F-639ED8E1AF34">
<hideElementsInCurrentOnly>false</hideElementsInCurrentOnly>
<bounds x="342" y="292" width="177" height="174"/>
</OView>
<OView class="oracle.dbtools.crest.swingui.logical.TVEntity" oid="D73CBC1A-DD25-D621-742A-2486B12EB42A" otype="Entity" vid="0B94918C-DE46-659C-00E9-90C9A5940925">
<hideElementsInCurrentOnly>false</hideElementsInCurrentOnly>
<bounds x="899" y="317" width="170" height="145"/>
</OView>
<OView class="oracle.dbtools.crest.swingui.logical.TVEntity" oid="F11CE7A1-CC43-06EB-F6F6-FD879657E4D0" otype="Entity" vid="7ECE20FF-5609-8D40-2E4B-199B963CC827">
<hideElementsInCurrentOnly>false</hideElementsInCurrentOnly>
<bounds x="349" y="87" width="434" height="115"/>
</OView>
<OView class="oracle.dbtools.crest.swingui.logical.TVEntity" oid="F8CE3C90-BC76-EBE3-CEAD-E5F894AF60ED" otype="Entity" vid="25E1C51B-B593-57C3-9F8B-0802730B2D8B">
<hideElementsInCurrentOnly>false</hideElementsInCurrentOnly>
<bounds x="71" y="294" width="181" height="167"/>
</OView>
</objectViews>
<connectors>
<Connector class="oracle.dbtools.crest.swingui.logical.TVRelation" oid="0562F357-156B-E592-800A-B3DA4EE815C9" otype="Relation" vid_source="0B94918C-DE46-659C-00E9-90C9A5940925" vid_target="F9C1EBC6-64E8-7AE9-9DEF-4D99FD5D8EB0">
<hideElementsInCurrentOnly>false</hideElementsInCurrentOnly>
<backgroundColor>-16777216</backgroundColor>
<lineWidth>1</lineWidth>
<points>
<point x="899" y="362"/>
<point x="848" y="362"/>
<point x="783" y="362"/>
</points>
</Connector>
<Connector class="oracle.dbtools.crest.swingui.logical.TVRelation" oid="30F1465C-0EF4-61D4-4761-72FF5C69681A" otype="Relation" vid_source="BB233CDD-F540-19CB-6B5F-639ED8E1AF34" vid_target="25E1C51B-B593-57C3-9F8B-0802730B2D8B">
<hideElementsInCurrentOnly>false</hideElementsInCurrentOnly>
<backgroundColor>-16777216</backgroundColor>
<lineWidth>1</lineWidth>
<points>
<point x="342" y="377"/>
<point x="252" y="377"/>
</points>
</Connector>
<Connector class="oracle.dbtools.crest.swingui.logical.TVRelation" oid="589C87CA-808A-875D-D49A-4CE2F4209782" otype="Relation" vid_source="0DAC7088-30E3-6EAF-3674-860017862625" vid_target="0B94918C-DE46-659C-00E9-90C9A5940925">
<hideElementsInCurrentOnly>false</hideElementsInCurrentOnly>
<backgroundColor>-16777216</backgroundColor>
<lineWidth>1</lineWidth>
<points>
<point x="1001" y="212"/>
<point x="1001" y="317"/>
</points>
</Connector>
<Connector class="oracle.dbtools.crest.swingui.logical.TVRelation" oid="69246B63-6222-3C4A-BB26-8288E28722B8" otype="Relation" vid_source="F9C1EBC6-64E8-7AE9-9DEF-4D99FD5D8EB0" vid_target="BB233CDD-F540-19CB-6B5F-639ED8E1AF34">
<hideElementsInCurrentOnly>false</hideElementsInCurrentOnly>
<backgroundColor>-16777216</backgroundColor>
<lineWidth>1</lineWidth>
<points>
<point x="613" y="391"/>
<point x="519" y="391"/>
</points>
</Connector>
<Connector class="oracle.dbtools.crest.swingui.logical.TVRelation" oid="D10CF673-E8B9-C654-5305-755B875AFBA3" otype="Relation" vid_source="F9C1EBC6-64E8-7AE9-9DEF-4D99FD5D8EB0" vid_target="7ECE20FF-5609-8D40-2E4B-199B963CC827">
<hideElementsInCurrentOnly>false</hideElementsInCurrentOnly>
<backgroundColor>-16777216</backgroundColor>
<lineWidth>1</lineWidth>
<points>
<point x="698" y="299"/>
<point x="698" y="202"/>
</points>
</Connector>
<Connector class="oracle.dbtools.crest.swingui.logical.TVRelation" oid="DB5B6C38-F6A7-50FE-0B38-03E5950FE4E6" otype="Relation" vid_source="BB233CDD-F540-19CB-6B5F-639ED8E1AF34" vid_target="7ECE20FF-5609-8D40-2E4B-199B963CC827">
<hideElementsInCurrentOnly>false</hideElementsInCurrentOnly>
<backgroundColor>-16777216</backgroundColor>
<lineWidth>1</lineWidth>
<points>
<point x="434" y="292"/>
<point x="434" y="202"/>
</points>
</Connector>
<Connector class="oracle.dbtools.crest.swingui.logical.TVRelation" oid="E6A2E1CE-CBAE-E943-4490-37389F877571" otype="Relation" vid_source="0B94918C-DE46-659C-00E9-90C9A5940925" vid_target="F9C1EBC6-64E8-7AE9-9DEF-4D99FD5D8EB0">
<hideElementsInCurrentOnly>false</hideElementsInCurrentOnly>
<backgroundColor>-16777216</backgroundColor>
<lineWidth>1</lineWidth>
<points>
<point x="899" y="409"/>
<point x="861" y="409"/>
<point x="783" y="409"/>
</points>
</Connector>
</connectors>
</Diagram>