<?xml version = '1.0' encoding = 'UTF-8'?>
<Relation class="oracle.dbtools.crest.model.design.logical.Relation" name="Relation_14" directorySegmentName="seg_0" id="59A209CC-D162-B97D-C866-AC1F46185A51">
<createdBy>KOSA</createdBy>
<createdTime>2024-05-01 01:20:20 UTC</createdTime>
<ownerDesignName>tttt</ownerDesignName>
<engineerTo>
<item key="EA66ACB9-7A17-64FF-CCC1-3D1A33CD2672" value="true"/>
</engineerTo>
<sourcePk>AEEF1DA1-1FEF-5D66-ACA9-7EAF95193CD2</sourcePk>
<identifying>false</identifying>
<optionalSource>true</optionalSource>
<optionalTarget>false</optionalTarget>
<sourceCardinality>1</sourceCardinality>
<sourceEntity>0C3733BE-3AB8-E20C-D075-52968E30D34F</sourceEntity>
<targetCardinalityString>*</targetCardinalityString>
<targetEntity>C031C6B8-0B28-4C5B-8E8C-F3D8E8543C55</targetEntity>
<transferable>true</transferable>
<deleteRule>NO ACTION</deleteRule>
</Relation>