<?xml version = '1.0' encoding = 'UTF-8'?>
<Relation class="oracle.dbtools.crest.model.design.logical.Relation" name="Relation_33" directorySegmentName="seg_0" id="6E649C8D-9C6A-33E0-4EF2-0D293685E750">
<createdBy>KOSA</createdBy>
<createdTime>2024-05-01 07:52:10 UTC</createdTime>
<ownerDesignName>tttt</ownerDesignName>
<engineerTo>
<item key="EA66ACB9-7A17-64FF-CCC1-3D1A33CD2672" value="true"/>
</engineerTo>
<sourcePk>AEEF1DA1-1FEF-5D66-ACA9-7EAF95193CD2</sourcePk>
<identifying>false</identifying>
<optionalSource>true</optionalSource>
<optionalTarget>false</optionalTarget>
<sourceCardinality>1</sourceCardinality>
<sourceEntity>0C3733BE-3AB8-E20C-D075-52968E30D34F</sourceEntity>
<targetCardinalityString>*</targetCardinalityString>
<targetEntity>F6B90A67-331E-C4DC-29D0-B41BF10CB3FF</targetEntity>
<transferable>true</transferable>
<deleteRule>NO ACTION</deleteRule>
</Relation>