<?xml version = '1.0' encoding = 'UTF-8'?>
<Entity class="oracle.dbtools.crest.model.design.logical.Entity" directorySegmentName="seg_0" id="0C3733BE-3AB8-E20C-D075-52968E30D34F" name="User">
<createdBy>KOSA</createdBy>
<createdTime>2024-04-30 06:48:21 UTC</createdTime>
<ownerDesignName>0430</ownerDesignName>
<engineerTo>
<item key="EA66ACB9-7A17-64FF-CCC1-3D1A33CD2672" value="true"/>
</engineerTo>
<adequatelyNormalized>NO</adequatelyNormalized>
<expectedVolumes>0</expectedVolumes>
<fwdEngineeringStrategyName>Single Table</fwdEngineeringStrategyName>
<growthPercent>0</growthPercent>
<growthType>Year</growthType>
<maxVolumes>9999999</maxVolumes>
<minVolumes>0</minVolumes>
<normalForm>Third</normalForm>
<attributes itemClass="oracle.dbtools.crest.model.design.logical.Attribute">
<Attribute name="user_id" id="ABEE747B-5B3F-C488-2724-ECCCED76BEA8">
<createdBy>KOSA</createdBy>
<createdTime>2024-04-30 06:48:32 UTC</createdTime>
<ownerDesignName>0430</ownerDesignName>
<engineerTo>
<item key="EA66ACB9-7A17-64FF-CCC1-3D1A33CD2672" value="true"/>
</engineerTo>
<use>0</use>
<logicalDatatype>LOGDT019</logicalDatatype>
<domain>9142CE01-F66B-9F35-1991-C13E9BFE3940</domain>
<ownDataTypeParameters>,,</ownDataTypeParameters>
</Attribute>
<Attribute name="nick_name" id="A201A7C3-9120-EB8D-98EF-521CF71B6AD1">
<createdBy>KOSA</createdBy>
<createdTime>2024-04-30 06:48:31 UTC</createdTime>
<ownerDesignName>0430</ownerDesignName>
<engineerTo>
<item key="EA66ACB9-7A17-64FF-CCC1-3D1A33CD2672" value="true"/>
</engineerTo>
<use>0</use>
<logicalDatatype>LOGDT024</logicalDatatype>
<domain>551459CA-CECF-52D8-6556-399528A80484</domain>
<ownDataTypeParameters>,,</ownDataTypeParameters>
</Attribute>
<Attribute name="create_at" id="C563F4EF-6661-3849-9FFB-5B7CE78CC652">
<createdBy>KOSA</createdBy>
<createdTime>2024-04-30 06:48:31 UTC</createdTime>
<ownerDesignName>0430</ownerDesignName>
<engineerTo>
<item key="EA66ACB9-7A17-64FF-CCC1-3D1A33CD2672" value="true"/>
</engineerTo>
<useDomainConstraints>false</useDomainConstraints>
<use>1</use>
<logicalDatatype>LOGDT008</logicalDatatype>
<ownDataTypeParameters>,,</ownDataTypeParameters>
</Attribute>
<Attribute name="update_at" id="3FBF8A22-60B7-F268-7276-4BD2F0537ED3">
<createdBy>KOSA</createdBy>
<createdTime>2024-04-30 06:50:55 UTC</createdTime>
<ownerDesignName>0430</ownerDesignName>
<engineerTo>
<item key="EA66ACB9-7A17-64FF-CCC1-3D1A33CD2672" value="true"/>
</engineerTo>
<useDomainConstraints>false</useDomainConstraints>
<use>1</use>
<logicalDatatype>LOGDT008</logicalDatatype>
<ownDataTypeParameters>,,</ownDataTypeParameters>
</Attribute>
</attributes>
<identifiers itemClass="oracle.dbtools.crest.model.design.logical.CandidateKey">
<identifier id="AEEF1DA1-1FEF-5D66-ACA9-7EAF95193CD2" name="User PK">
<createdBy>KOSA</createdBy>
<createdTime>2024-04-30 06:48:42 UTC</createdTime>
<ownerDesignName>0430</ownerDesignName>
<engineerTo>
<item key="EA66ACB9-7A17-64FF-CCC1-3D1A33CD2672" value="true"/>
</engineerTo>
<pk>true</pk>
<usedAttributes>
<attributeRef>ABEE747B-5B3F-C488-2724-ECCCED76BEA8</attributeRef>
</usedAttributes>
</identifier>
</identifiers>
</Entity>