<?xml version = '1.0' encoding = 'UTF-8'?>
<Entity class="oracle.dbtools.crest.model.design.logical.Entity" directorySegmentName="seg_0" id="6E8E8AB8-79F8-A12F-8A47-7355C0F373AA" name="Room">
<createdBy>KOSA</createdBy>
<createdTime>2024-04-30 06:59:28 UTC</createdTime>
<ownerDesignName>0430</ownerDesignName>
<engineerTo>
<item key="EA66ACB9-7A17-64FF-CCC1-3D1A33CD2672" value="true"/>
</engineerTo>
<adequatelyNormalized>NO</adequatelyNormalized>
<expectedVolumes>0</expectedVolumes>
<fwdEngineeringStrategyName>Single Table</fwdEngineeringStrategyName>
<growthPercent>0</growthPercent>
<growthType>Year</growthType>
<maxVolumes>9999999</maxVolumes>
<minVolumes>0</minVolumes>
<normalForm>Third</normalForm>
<attributes itemClass="oracle.dbtools.crest.model.design.logical.Attribute">
<Attribute name="room_id" id="D578B9E5-EBEF-22B9-1168-193DB5A24131">
<createdBy>KOSA</createdBy>
<createdTime>2024-04-30 06:59:35 UTC</createdTime>
<ownerDesignName>0430</ownerDesignName>
<engineerTo>
<item key="EA66ACB9-7A17-64FF-CCC1-3D1A33CD2672" value="true"/>
</engineerTo>
<use>0</use>
<logicalDatatype>LOGDT019</logicalDatatype>
<domain>9142CE01-F66B-9F35-1991-C13E9BFE3940</domain>
<ownDataTypeParameters>,,</ownDataTypeParameters>
</Attribute>
<Attribute name="start_time" id="3F163371-FF6D-399D-C5C6-D4573BCB890C">
<createdBy>KOSA</createdBy>
<createdTime>2024-04-30 06:59:35 UTC</createdTime>
<ownerDesignName>0430</ownerDesignName>
<engineerTo>
<item key="EA66ACB9-7A17-64FF-CCC1-3D1A33CD2672" value="true"/>
</engineerTo>
<useDomainConstraints>false</useDomainConstraints>
<use>1</use>
<logicalDatatype>LOGDT008</logicalDatatype>
<ownDataTypeParameters>,,</ownDataTypeParameters>
</Attribute>
<Attribute name="end_time" id="A79FA613-8069-BD9E-88CE-F5FC7C581CC5">
<createdBy>KOSA</createdBy>
<createdTime>2024-04-30 07:50:43 UTC</createdTime>
<ownerDesignName>0430</ownerDesignName>
<engineerTo>
<item key="EA66ACB9-7A17-64FF-CCC1-3D1A33CD2672" value="true"/>
</engineerTo>
<nullsAllowed>true</nullsAllowed>
<use>0</use>
<ownDataTypeParameters>,,</ownDataTypeParameters>
</Attribute>
<Attribute name="Wait_User_user_id" id="7ECBBAAD-1546-897C-EC35-6BBF8148A3F6">
<createdBy>KOSA</createdBy>
<createdTime>2024-04-30 07:59:50 UTC</createdTime>
<generatorID>0562F357-156B-E592-800A-B3DA4EE815C9</generatorID>
<ownerDesignName>0430</ownerDesignName>
<engineerTo>
<item key="EA66ACB9-7A17-64FF-CCC1-3D1A33CD2672" value="true"/>
</engineerTo>
<referedAttribute>5ED74FCC-AC7F-202D-23DE-70F51CD633BF</referedAttribute>
<use>0</use>
<logicalDatatype>LOGDT019</logicalDatatype>
<domain>9142CE01-F66B-9F35-1991-C13E9BFE3940</domain>
<ownDataTypeParameters>,,</ownDataTypeParameters>
</Attribute>
<Attribute name="Wait_User_user_id1" id="9AEE398A-F29B-B984-2374-9F8EA848D99B">
<createdBy>KOSA</createdBy>
<createdTime>2024-04-30 07:59:57 UTC</createdTime>
<generatorID>E6A2E1CE-CBAE-E943-4490-37389F877571</generatorID>
<ownerDesignName>0430</ownerDesignName>
<engineerTo>
<item key="EA66ACB9-7A17-64FF-CCC1-3D1A33CD2672" value="true"/>
</engineerTo>
<referedAttribute>5ED74FCC-AC7F-202D-23DE-70F51CD633BF</referedAttribute>
<use>0</use>
<logicalDatatype>LOGDT019</logicalDatatype>
<domain>9142CE01-F66B-9F35-1991-C13E9BFE3940</domain>
<ownDataTypeParameters>,,</ownDataTypeParameters>
</Attribute>
<Attribute name="role" id="9B1785DA-D40F-34A7-F0FA-315967BD545D">
<createdBy>KOSA</createdBy>
<createdTime>2024-04-30 08:03:55 UTC</createdTime>
<ownerDesignName>0430</ownerDesignName>
<engineerTo>
<item key="EA66ACB9-7A17-64FF-CCC1-3D1A33CD2672" value="true"/>
</engineerTo>
<use>0</use>
<ownDataTypeParameters>,,</ownDataTypeParameters>
</Attribute>
</attributes>
<identifiers itemClass="oracle.dbtools.crest.model.design.logical.CandidateKey">
<identifier id="5ADFE66D-69B2-22DB-1BAF-85E7F619D628" name="Room PK">
<createdBy>KOSA</createdBy>
<createdTime>2024-04-30 06:59:42 UTC</createdTime>
<ownerDesignName>0430</ownerDesignName>
<engineerTo>
<item key="EA66ACB9-7A17-64FF-CCC1-3D1A33CD2672" value="true"/>
</engineerTo>
<pk>true</pk>
<usedAttributes>
<attributeRef>D578B9E5-EBEF-22B9-1168-193DB5A24131</attributeRef>
</usedAttributes>
</identifier>
</identifiers>
</Entity>