<?xml version = '1.0' encoding = 'UTF-8'?>
<Entity class="oracle.dbtools.crest.model.design.logical.Entity" directorySegmentName="seg_0" id="CD43666A-91FB-D354-43CE-EAAF28D95564" name="Node">
<createdBy>KOSA</createdBy>
<createdTime>2024-04-30 06:32:53 UTC</createdTime>
<ownerDesignName>0430</ownerDesignName>
<engineerTo>
<item key="EA66ACB9-7A17-64FF-CCC1-3D1A33CD2672" value="true"/>
</engineerTo>
<adequatelyNormalized>NO</adequatelyNormalized>
<expectedVolumes>0</expectedVolumes>
<fwdEngineeringStrategyName>Single Table</fwdEngineeringStrategyName>
<growthPercent>0</growthPercent>
<growthType>Year</growthType>
<maxVolumes>9999999</maxVolumes>
<minVolumes>0</minVolumes>
<normalForm>Third</normalForm>
<attributes itemClass="oracle.dbtools.crest.model.design.logical.Attribute">
<Attribute name="node_id" id="67A85693-9CE9-7FF3-3BF3-F00E67E8AF09">
<createdBy>KOSA</createdBy>
<createdTime>2024-04-30 06:33:09 UTC</createdTime>
<ownerDesignName>0430</ownerDesignName>
<engineerTo>
<item key="EA66ACB9-7A17-64FF-CCC1-3D1A33CD2672" value="true"/>
</engineerTo>
<use>0</use>
<logicalDatatype>LOGDT019</logicalDatatype>
<domain>9142CE01-F66B-9F35-1991-C13E9BFE3940</domain>
<ownDataTypeParameters>,,</ownDataTypeParameters>
</Attribute>
<Attribute name="node_name" id="87939E28-B245-09F3-10AB-60E85A2B8FD7">
<createdBy>KOSA</createdBy>
<createdTime>2024-04-30 06:33:09 UTC</createdTime>
<ownerDesignName>0430</ownerDesignName>
<engineerTo>
<item key="EA66ACB9-7A17-64FF-CCC1-3D1A33CD2672" value="true"/>
</engineerTo>
<use>0</use>
<logicalDatatype>LOGDT024</logicalDatatype>
<domain>11DA9C77-5EC6-E96B-F4CA-BA2751C6F2E3</domain>
<ownDataTypeParameters>,,</ownDataTypeParameters>
</Attribute>
<Attribute name="node_state" id="AACD90CB-47DE-7621-AAAF-E70EDDAE0A31">
<createdBy>KOSA</createdBy>
<createdTime>2024-04-30 08:17:01 UTC</createdTime>
<ownerDesignName>0430</ownerDesignName>
<engineerTo>
<item key="EA66ACB9-7A17-64FF-CCC1-3D1A33CD2672" value="true"/>
</engineerTo>
<nullsAllowed>true</nullsAllowed>
<use>0</use>
<ownDataTypeParameters>,,</ownDataTypeParameters>
</Attribute>
<Attribute name="Room_room_id" id="66DAD508-82E2-0AE5-AD5F-DF9257D39925">
<createdBy>KOSA</createdBy>
<createdTime>2024-04-30 08:15:45 UTC</createdTime>
<generatorID>69246B63-6222-3C4A-BB26-8288E28722B8</generatorID>
<ownerDesignName>0430</ownerDesignName>
<engineerTo>
<item key="EA66ACB9-7A17-64FF-CCC1-3D1A33CD2672" value="true"/>
</engineerTo>
<referedAttribute>D578B9E5-EBEF-22B9-1168-193DB5A24131</referedAttribute>
<use>0</use>
<logicalDatatype>LOGDT019</logicalDatatype>
<domain>9142CE01-F66B-9F35-1991-C13E9BFE3940</domain>
<ownDataTypeParameters>,,</ownDataTypeParameters>
</Attribute>
</attributes>
<identifiers itemClass="oracle.dbtools.crest.model.design.logical.CandidateKey">
<identifier id="29540E47-3CB8-2B7D-B8D5-E128F9C88023" name="Node PK">
<createdBy>KOSA</createdBy>
<createdTime>2024-04-30 06:35:49 UTC</createdTime>
<ownerDesignName>0430</ownerDesignName>
<engineerTo>
<item key="EA66ACB9-7A17-64FF-CCC1-3D1A33CD2672" value="true"/>
</engineerTo>
<pk>true</pk>
<usedAttributes>
<attributeRef>67A85693-9CE9-7FF3-3BF3-F00E67E8AF09</attributeRef>
</usedAttributes>
</identifier>
</identifiers>
</Entity>