<?xml version = '1.0' encoding = 'UTF-8'?>
<Entity class="oracle.dbtools.crest.model.design.logical.Entity" directorySegmentName="seg_0" id="F11CE7A1-CC43-06EB-F6F6-FD879657E4D0" name="Move">
<createdBy>KOSA</createdBy>
<createdTime>2024-04-30 06:47:37 UTC</createdTime>
<ownerDesignName>0430</ownerDesignName>
<engineerTo>
<item key="EA66ACB9-7A17-64FF-CCC1-3D1A33CD2672" value="true"/>
</engineerTo>
<adequatelyNormalized>NO</adequatelyNormalized>
<expectedVolumes>0</expectedVolumes>
<fwdEngineeringStrategyName>Single Table</fwdEngineeringStrategyName>
<growthPercent>0</growthPercent>
<growthType>Year</growthType>
<maxVolumes>9999999</maxVolumes>
<minVolumes>0</minVolumes>
<normalForm>Third</normalForm>
<attributes itemClass="oracle.dbtools.crest.model.design.logical.Attribute">
<Attribute name="police_move_id" id="62BF9DF6-9688-8CD1-1CDC-7F5A28A452BD">
<createdBy>KOSA</createdBy>
<createdTime>2024-04-30 06:47:37 UTC</createdTime>
<ownerDesignName>0430</ownerDesignName>
<engineerTo>
<item key="EA66ACB9-7A17-64FF-CCC1-3D1A33CD2672" value="true"/>
</engineerTo>
<use>0</use>
<logicalDatatype>LOGDT019</logicalDatatype>
<domain>9142CE01-F66B-9F35-1991-C13E9BFE3940</domain>
<ownDataTypeParameters>,,</ownDataTypeParameters>
</Attribute>
<Attribute name="game_turn" id="2A16AF96-21C3-10CF-9AA7-038992541A61">
<createdBy>KOSA</createdBy>
<createdTime>2024-04-30 06:47:37 UTC</createdTime>
<ownerDesignName>0430</ownerDesignName>
<engineerTo>
<item key="EA66ACB9-7A17-64FF-CCC1-3D1A33CD2672" value="true"/>
</engineerTo>
<use>0</use>
<logicalDatatype>LOGDT019</logicalDatatype>
<domain>F289B161-B1DC-A399-7DF9-72A106E8A015</domain>
<ownDataTypeParameters>,,</ownDataTypeParameters>
</Attribute>
<Attribute name="Room_room_id" id="D130E87F-56E4-775D-E9BC-02A0042B8339">
<createdBy>KOSA</createdBy>
<createdTime>2024-04-30 08:21:50 UTC</createdTime>
<generatorID>D10CF673-E8B9-C654-5305-755B875AFBA3</generatorID>
<ownerDesignName>0430</ownerDesignName>
<engineerTo>
<item key="EA66ACB9-7A17-64FF-CCC1-3D1A33CD2672" value="true"/>
</engineerTo>
<referedAttribute>D578B9E5-EBEF-22B9-1168-193DB5A24131</referedAttribute>
<use>0</use>
<logicalDatatype>LOGDT019</logicalDatatype>
<domain>9142CE01-F66B-9F35-1991-C13E9BFE3940</domain>
<ownDataTypeParameters>,,</ownDataTypeParameters>
</Attribute>
<Attribute name="Node_node_id" id="5429A33F-3A95-A456-45CB-7BA9F07A8585">
<createdBy>KOSA</createdBy>
<createdTime>2024-04-30 08:22:01 UTC</createdTime>
<generatorID>DB5B6C38-F6A7-50FE-0B38-03E5950FE4E6</generatorID>
<ownerDesignName>0430</ownerDesignName>
<engineerTo>
<item key="EA66ACB9-7A17-64FF-CCC1-3D1A33CD2672" value="true"/>
</engineerTo>
<referedAttribute>67A85693-9CE9-7FF3-3BF3-F00E67E8AF09</referedAttribute>
<use>0</use>
<logicalDatatype>LOGDT019</logicalDatatype>
<domain>9142CE01-F66B-9F35-1991-C13E9BFE3940</domain>
<ownDataTypeParameters>,,</ownDataTypeParameters>
</Attribute>
</attributes>
<identifiers itemClass="oracle.dbtools.crest.model.design.logical.CandidateKey">
<identifier id="8BA90184-F99B-0955-DC1C-F6A67DE8CF3C" name="PoliceMove PK">
<createdBy>KOSA</createdBy>
<createdTime>2024-04-30 06:47:55 UTC</createdTime>
<ownerDesignName>0430</ownerDesignName>
<engineerTo>
<item key="EA66ACB9-7A17-64FF-CCC1-3D1A33CD2672" value="true"/>
</engineerTo>
<pk>true</pk>
<usedAttributes>
<attributeRef>62BF9DF6-9688-8CD1-1CDC-7F5A28A452BD</attributeRef>
</usedAttributes>
</identifier>
</identifiers>
</Entity>