<?xml version = '1.0' encoding = 'UTF-8'?>
<FKIndexAssociation class="oracle.dbtools.crest.model.design.relational.FKIndexAssociation" directorySegmentName="seg_0" id="2828661B-F596-97F5-59D9-44C7257B9208" containerWithKeyObject="9F3537E5-D237-FD38-8AFC-27E69DEF7625" localFKIndex="A9B365E5-8F47-32DE-D5F7-76C214B9E6F3" name="PlayWait_Player_FK">
<createdBy>KOSA</createdBy>
<createdTime>2024-05-02 02:16:22 UTC</createdTime>
<generatorID>068DBB9D-326A-5E60-22ED-82ECB22963F9</generatorID>
<ownerDesignName>tttt</ownerDesignName>
<referredTableLongName>Player</referredTableLongName>
<deleteRule>NO ACTION</deleteRule>
<referredTableID>603F0491-ED7E-4E2A-B165-7A29ECB8A2D5</referredTableID>
<keyObject>4535E040-8FF1-7FD4-512C-1F7B7ECE153C</keyObject>
<referredKeyID>4535E040-8FF1-7FD4-512C-1F7B7ECE153C</referredKeyID>
<mandatory>true</mandatory>
<refColNames>player_id</refColNames>
<transferable>true</transferable>
<rely>false</rely>
<columnDependencyConstraintGenerateInDDL>true</columnDependencyConstraintGenerateInDDL>
</FKIndexAssociation>