<?xml version = '1.0' encoding = 'UTF-8'?>
<FKIndexAssociation class="oracle.dbtools.crest.model.design.relational.FKIndexAssociation" directorySegmentName="seg_0" id="6662C5CF-2A85-CA49-4787-2C3B3EF77E2C" containerWithKeyObject="EB29A04A-868B-E65E-416D-658BA7E9F2D9" localFKIndex="CE5E8B79-D19D-7375-6245-9BFA7E577684" name="NodeDirection_Node_FK">
<createdBy>KOSA</createdBy>
<createdTime>2024-05-02 02:16:22 UTC</createdTime>
<generatorID>341A416B-B4CF-6FB8-2E4D-89BFEF76783F</generatorID>
<ownerDesignName>tttt</ownerDesignName>
<referredTableLongName>Node</referredTableLongName>
<deleteRule>NO ACTION</deleteRule>
<referredTableID>BBB03D4A-D65B-0DAA-0707-4F80FAB6803C</referredTableID>
<keyObject>A0BEAE53-08F3-E284-565A-FFA8F45BAFBB</keyObject>
<referredKeyID>A0BEAE53-08F3-E284-565A-FFA8F45BAFBB</referredKeyID>
<mandatory>true</mandatory>
<refColNames>node_id</refColNames>
<transferable>true</transferable>
<rely>false</rely>
<columnDependencyConstraintGenerateInDDL>true</columnDependencyConstraintGenerateInDDL>
</FKIndexAssociation>