<?xml version = '1.0' encoding = 'UTF-8'?>
<Table class="oracle.dbtools.crest.model.design.relational.Table" directorySegmentName="seg_0" id="26F5F1F3-D497-7446-116B-4631442B9253" name="Game">
<createdBy>KOSA</createdBy>
<createdTime>2024-05-01 02:28:34 UTC</createdTime>
<generatorID>6E8E8AB8-79F8-A12F-8A47-7355C0F373AA</generatorID>
<ownerDesignName>tttt</ownerDesignName>
<allowColumnReorder>false</allowColumnReorder>
<existDependencyGenerateInDDl>true</existDependencyGenerateInDDl>
<parsed>true</parsed>
<columns itemClass="oracle.dbtools.crest.model.design.relational.Column">
<Column name="game_id" id="AFA9F31E-0938-E256-2C87-AE527F2B670E">
<createdBy>KOSA</createdBy>
<createdTime>2024-05-01 02:28:34 UTC</createdTime>
<generatorID>D578B9E5-EBEF-22B9-1168-193DB5A24131</generatorID>
<ownerDesignName>tttt</ownerDesignName>
<use>0</use>
<logicalDatatype>LOGDT019</logicalDatatype>
<domain>9142CE01-F66B-9F35-1991-C13E9BFE3940</domain>
<ownDataTypeParameters>,,</ownDataTypeParameters>
<autoIncrementCycle>false</autoIncrementCycle>
</Column>
<Column name="start_time" id="B77807D1-81B2-249B-1309-2FD450DBD02D">
<createdBy>KOSA</createdBy>
<createdTime>2024-05-01 02:28:34 UTC</createdTime>
<generatorID>3F163371-FF6D-399D-C5C6-D4573BCB890C</generatorID>
<ownerDesignName>tttt</ownerDesignName>
<useDomainConstraints>false</useDomainConstraints>
<use>1</use>
<logicalDatatype>LOGDT008</logicalDatatype>
<ownDataTypeParameters>,,</ownDataTypeParameters>
<autoIncrementCycle>false</autoIncrementCycle>
</Column>
<Column name="end_time" id="3E784066-7559-72AD-B347-3D33C8091856">
<createdBy>KOSA</createdBy>
<createdTime>2024-05-01 02:28:34 UTC</createdTime>
<generatorID>A79FA613-8069-BD9E-88CE-F5FC7C581CC5</generatorID>
<ownerDesignName>tttt</ownerDesignName>
<nullsAllowed>true</nullsAllowed>
<useDomainConstraints>false</useDomainConstraints>
<use>1</use>
<logicalDatatype>LOGDT008</logicalDatatype>
<ownDataTypeParameters>,,</ownDataTypeParameters>
<autoIncrementCycle>false</autoIncrementCycle>
</Column>
<Column name="version" id="77242628-47F5-8A98-186B-CC189D006EF8">
<createdBy>KOSA</createdBy>
<createdTime>2024-05-01 02:28:34 UTC</createdTime>
<generatorID>66675155-7058-767C-393D-0F4CC7591B68</generatorID>
<ownerDesignName>tttt</ownerDesignName>
<nullsAllowed>true</nullsAllowed>
<use>0</use>
<logicalDatatype>LOGDT019</logicalDatatype>
<domain>296D251A-E87B-E1C3-1977-0B1B311B736F</domain>
<ownDataTypeParameters>,,</ownDataTypeParameters>
<autoIncrementCycle>false</autoIncrementCycle>
</Column>
</columns>
<indexes itemClass="oracle.dbtools.crest.model.design.relational.Index">
<ind_PK_UK id="BB1490CC-0AA3-00B6-B0EC-4CF003BCC5B2" name="Game_PK">
<createdBy>KOSA</createdBy>
<createdTime>2024-05-01 02:28:34 UTC</createdTime>
<generatorID>5ADFE66D-69B2-22DB-1BAF-85E7F619D628</generatorID>
<ownerDesignName>tttt</ownerDesignName>
<pk>true</pk>
<indexState>Primary Constraint</indexState>
<isSurrogateKey>false</isSurrogateKey>
<indexColumnUsage>
<colUsage columnID="AFA9F31E-0938-E256-2C87-AE527F2B670E"/>
</indexColumnUsage>
</ind_PK_UK>
</indexes>
</Table>