<?xml version = '1.0' encoding = 'UTF-8'?>
<Table class="oracle.dbtools.crest.model.design.relational.Table" directorySegmentName="seg_0" id="BB5FC656-2096-0AB7-C419-9245F309B881" name="NodeDirection">
<createdBy>KOSA</createdBy>
<createdTime>2024-05-01 02:28:34 UTC</createdTime>
<generatorID>F8CE3C90-BC76-EBE3-CEAD-E5F894AF60ED</generatorID>
<ownerDesignName>tttt</ownerDesignName>
<allowColumnReorder>false</allowColumnReorder>
<existDependencyGenerateInDDl>true</existDependencyGenerateInDDl>
<parsed>true</parsed>
<columns itemClass="oracle.dbtools.crest.model.design.relational.Column">
<Column name="node_direction_id_1" id="EDEE3E7E-CFB4-9C91-00A3-4AC98CF78A41">
<createdBy>KOSA</createdBy>
<createdTime>2024-05-01 02:28:34 UTC</createdTime>
<generatorID>63EAAE3A-D179-0E6F-A77E-48BA1D22E946</generatorID>
<ownerDesignName>tttt</ownerDesignName>
<use>0</use>
<logicalDatatype>LOGDT019</logicalDatatype>
<domain>9142CE01-F66B-9F35-1991-C13E9BFE3940</domain>
<ownDataTypeParameters>,,</ownDataTypeParameters>
<autoIncrementCycle>false</autoIncrementCycle>
</Column>
<Column name="left_top" id="4C657A04-0B55-A8B4-BDAF-FCE6ADA773F5">
<createdBy>KOSA</createdBy>
<createdTime>2024-05-01 02:28:34 UTC</createdTime>
<generatorID>1C899741-DA80-3543-7542-2E5372FE7640</generatorID>
<ownerDesignName>tttt</ownerDesignName>
<use>0</use>
<logicalDatatype>LOGDT024</logicalDatatype>
<domain>3C514611-1095-0755-592D-3BFBC52767E7</domain>
<ownDataTypeParameters>,,</ownDataTypeParameters>
<autoIncrementCycle>false</autoIncrementCycle>
</Column>
<Column name="top" id="2EE14049-039F-CC96-F5E7-59AA26C29B82">
<createdBy>KOSA</createdBy>
<createdTime>2024-05-01 02:28:34 UTC</createdTime>
<generatorID>B0057CC3-6071-5618-3474-949E5CD2377F</generatorID>
<ownerDesignName>tttt</ownerDesignName>
<use>0</use>
<logicalDatatype>LOGDT024</logicalDatatype>
<domain>3C514611-1095-0755-592D-3BFBC52767E7</domain>
<ownDataTypeParameters>,,</ownDataTypeParameters>
<autoIncrementCycle>false</autoIncrementCycle>
</Column>
<Column name="right_top" id="FA35CA9A-04DE-9F1F-6B55-147CDBE69EAB">
<createdBy>KOSA</createdBy>
<createdTime>2024-05-01 02:28:34 UTC</createdTime>
<generatorID>FCDBF8FD-B28F-7C88-BE0E-FAAA0C887BCF</generatorID>
<ownerDesignName>tttt</ownerDesignName>
<use>0</use>
<logicalDatatype>LOGDT024</logicalDatatype>
<domain>3C514611-1095-0755-592D-3BFBC52767E7</domain>
<ownDataTypeParameters>,,</ownDataTypeParameters>
<autoIncrementCycle>false</autoIncrementCycle>
</Column>
<Column name="left" id="902D274B-F82C-CF3D-7A5E-A0CC61EB5DD4">
<createdBy>KOSA</createdBy>
<createdTime>2024-05-01 02:28:34 UTC</createdTime>
<generatorID>A4125A3A-2BEF-B403-FC12-9F62ED6E53B9</generatorID>
<ownerDesignName>tttt</ownerDesignName>
<use>0</use>
<logicalDatatype>LOGDT024</logicalDatatype>
<domain>3C514611-1095-0755-592D-3BFBC52767E7</domain>
<ownDataTypeParameters>,,</ownDataTypeParameters>
<autoIncrementCycle>false</autoIncrementCycle>
</Column>
<Column name="right" id="72C173D8-B466-B130-50C2-1CD0D7990626">
<createdBy>KOSA</createdBy>
<createdTime>2024-05-01 02:28:34 UTC</createdTime>
<generatorID>582CE58E-5779-4BCF-348A-966196736A89</generatorID>
<ownerDesignName>tttt</ownerDesignName>
<use>0</use>
<logicalDatatype>LOGDT024</logicalDatatype>
<domain>3C514611-1095-0755-592D-3BFBC52767E7</domain>
<ownDataTypeParameters>,,</ownDataTypeParameters>
<autoIncrementCycle>false</autoIncrementCycle>
</Column>
<Column name="left_bottom" id="1ADE2EE8-4123-1DDF-5801-52D520395409">
<createdBy>KOSA</createdBy>
<createdTime>2024-05-01 02:28:34 UTC</createdTime>
<generatorID>5ECE6468-80D4-5238-D063-2892D3159212</generatorID>
<ownerDesignName>tttt</ownerDesignName>
<use>0</use>
<logicalDatatype>LOGDT024</logicalDatatype>
<domain>3C514611-1095-0755-592D-3BFBC52767E7</domain>
<ownDataTypeParameters>,,</ownDataTypeParameters>
<autoIncrementCycle>false</autoIncrementCycle>
</Column>
<Column name="bottom" id="43C0B605-CD4D-7C8D-CD84-D1CB441295F5">
<createdBy>KOSA</createdBy>
<createdTime>2024-05-01 02:28:34 UTC</createdTime>
<generatorID>A3B6E784-81E7-D1F8-3EDA-D6096F095240</generatorID>
<ownerDesignName>tttt</ownerDesignName>
<use>0</use>
<logicalDatatype>LOGDT024</logicalDatatype>
<domain>3C514611-1095-0755-592D-3BFBC52767E7</domain>
<ownDataTypeParameters>,,</ownDataTypeParameters>
<autoIncrementCycle>false</autoIncrementCycle>
</Column>
<Column name="right_bottom" id="4488AC84-6091-6AB2-2898-29DC0525A296">
<createdBy>KOSA</createdBy>
<createdTime>2024-05-01 02:28:34 UTC</createdTime>
<generatorID>88B5D8C4-D22B-11B6-08F0-8FA34341FAC0</generatorID>
<ownerDesignName>tttt</ownerDesignName>
<use>0</use>
<logicalDatatype>LOGDT024</logicalDatatype>
<domain>3C514611-1095-0755-592D-3BFBC52767E7</domain>
<ownDataTypeParameters>,,</ownDataTypeParameters>
<autoIncrementCycle>false</autoIncrementCycle>
</Column>
<Column name="Node_node_id" id="1ACE8AA4-9FE9-EAF0-0190-4FC6DA6164B8">
<createdBy>KOSA</createdBy>
<createdTime>2024-05-01 02:28:34 UTC</createdTime>
<generatorID>D587F18A-932B-D4C4-AF4F-80319719D39E</generatorID>
<ownerDesignName>tttt</ownerDesignName>
<use>0</use>
<logicalDatatype>LOGDT019</logicalDatatype>
<domain>9142CE01-F66B-9F35-1991-C13E9BFE3940</domain>
<ownDataTypeParameters>,,</ownDataTypeParameters>
<previousColumn>false</previousColumn>
<autoIncrementCycle>false</autoIncrementCycle>
<associations>
<colAssociation fkAssociation="EA6FC7DD-16AA-C5C6-AED1-986C60DDE0E2" referredColumn="0557F2C2-410A-E11B-8BA6-06060C62D234"/>
</associations>
</Column>
</columns>
<indexes itemClass="oracle.dbtools.crest.model.design.relational.Index">
<ind_PK_UK id="EA8020A4-FDAD-F7D8-FC02-1C01603FFD42" name="NodeDirection_PK">
<createdBy>KOSA</createdBy>
<createdTime>2024-05-01 02:28:34 UTC</createdTime>
<generatorID>2302F6AA-78CD-6BFD-043A-CFE9F8CC8FCC</generatorID>
<ownerDesignName>tttt</ownerDesignName>
<pk>true</pk>
<indexState>Primary Constraint</indexState>
<isSurrogateKey>false</isSurrogateKey>
<indexColumnUsage>
<colUsage columnID="EDEE3E7E-CFB4-9C91-00A3-4AC98CF78A41"/>
</indexColumnUsage>
</ind_PK_UK>
<ind_PK_UK id="52F39D8C-7D23-DBEB-A1B3-7F39228A17C9" name="NodeDirection__IDX">
<createdBy>KOSA</createdBy>
<createdTime>2024-05-01 02:28:34 UTC</createdTime>
<ownerDesignName>tttt</ownerDesignName>
<indexState>Unique Plain Index</indexState>
<isSurrogateKey>false</isSurrogateKey>
<relationGeneratorID>30F1465C-0EF4-61D4-4761-72FF5C69681A</relationGeneratorID>
<indexColumnUsage>
<colUsage columnID="1ACE8AA4-9FE9-EAF0-0190-4FC6DA6164B8"/>
</indexColumnUsage>
</ind_PK_UK>
<ind_PK_UK id="1A26399B-8C29-7B75-732D-6B265E31C597" name="NodeDirection_Node_FK">
<createdBy>KOSA</createdBy>
<createdTime>2024-05-01 02:28:34 UTC</createdTime>
<generatorID>30F1465C-0EF4-61D4-4761-72FF5C69681A</generatorID>
<ownerDesignName>tttt</ownerDesignName>
<indexState>Foreign Key</indexState>
<isSurrogateKey>false</isSurrogateKey>
<indexColumnUsage>
<colUsage columnID="1ACE8AA4-9FE9-EAF0-0190-4FC6DA6164B8"/>
</indexColumnUsage>
</ind_PK_UK>
</indexes>
</Table>