<?xml version = '1.0' encoding = 'UTF-8'?>
<Entity class="oracle.dbtools.crest.model.design.logical.Entity" directorySegmentName="seg_0" id="F6B90A67-331E-C4DC-29D0-B41BF10CB3FF" name="Play">
<createdBy>KOSA</createdBy>
<createdTime>2024-05-01 01:10:27 UTC</createdTime>
<ownerDesignName>tttt</ownerDesignName>
<engineerTo>
<item key="EA66ACB9-7A17-64FF-CCC1-3D1A33CD2672" value="true"/>
</engineerTo>
<adequatelyNormalized>NO</adequatelyNormalized>
<expectedVolumes>0</expectedVolumes>
<fwdEngineeringStrategyName>Single Table</fwdEngineeringStrategyName>
<growthPercent>0</growthPercent>
<growthType>Year</growthType>
<maxVolumes>9999999</maxVolumes>
<minVolumes>0</minVolumes>
<normalForm>Third</normalForm>
<attributes itemClass="oracle.dbtools.crest.model.design.logical.Attribute">
<Attribute name="play_id" id="5CE30B80-3B9E-23EB-D07D-C454C7CA026A">
<createdBy>KOSA</createdBy>
<createdTime>2024-05-01 01:10:37 UTC</createdTime>
<ownerDesignName>tttt</ownerDesignName>
<engineerTo>
<item key="EA66ACB9-7A17-64FF-CCC1-3D1A33CD2672" value="true"/>
</engineerTo>
<use>0</use>
<logicalDatatype>LOGDT019</logicalDatatype>
<domain>9142CE01-F66B-9F35-1991-C13E9BFE3940</domain>
<ownDataTypeParameters>,,</ownDataTypeParameters>
</Attribute>
<Attribute name="User_user_id" id="2D24962F-489B-D1A3-4CCC-126B0DDDB970">
<createdBy>KOSA</createdBy>
<createdTime>2024-05-01 01:12:45 UTC</createdTime>
<generatorID>99161B05-3C08-3518-A13C-C0FBB69C3EE1</generatorID>
<ownerDesignName>tttt</ownerDesignName>
<engineerTo>
<item key="EA66ACB9-7A17-64FF-CCC1-3D1A33CD2672" value="true"/>
</engineerTo>
<referedAttribute>ABEE747B-5B3F-C488-2724-ECCCED76BEA8</referedAttribute>
<use>0</use>
<logicalDatatype>LOGDT019</logicalDatatype>
<domain>9142CE01-F66B-9F35-1991-C13E9BFE3940</domain>
<ownDataTypeParameters>,,</ownDataTypeParameters>
</Attribute>
<Attribute name="Game_game_id" id="F82C2A14-3B4B-150B-6D01-31CB010B3B3B">
<createdBy>KOSA</createdBy>
<createdTime>2024-05-01 02:07:14 UTC</createdTime>
<generatorID>7C6C3105-78A2-C35E-006F-9613DE4237E1</generatorID>
<ownerDesignName>tttt</ownerDesignName>
<engineerTo>
<item key="EA66ACB9-7A17-64FF-CCC1-3D1A33CD2672" value="true"/>
</engineerTo>
<referedAttribute>D578B9E5-EBEF-22B9-1168-193DB5A24131</referedAttribute>
<use>0</use>
<logicalDatatype>LOGDT019</logicalDatatype>
<domain>9142CE01-F66B-9F35-1991-C13E9BFE3940</domain>
<ownDataTypeParameters>,,</ownDataTypeParameters>
</Attribute>
<Attribute name="role" id="7D395789-1363-4216-30AB-826E325B673C">
<createdBy>KOSA</createdBy>
<createdTime>2024-05-01 02:25:09 UTC</createdTime>
<ownerDesignName>tttt</ownerDesignName>
<engineerTo>
<item key="EA66ACB9-7A17-64FF-CCC1-3D1A33CD2672" value="true"/>
</engineerTo>
<nullsAllowed>true</nullsAllowed>
<use>0</use>
<logicalDatatype>LOGDT024</logicalDatatype>
<domain>3C514611-1095-0755-592D-3BFBC52767E7</domain>
<ownDataTypeParameters>,,</ownDataTypeParameters>
</Attribute>
</attributes>
<identifiers itemClass="oracle.dbtools.crest.model.design.logical.CandidateKey">
<identifier id="52AC28FF-1192-1D3C-A75F-DF0923E309A4" name="Play PK">
<createdBy>KOSA</createdBy>
<createdTime>2024-05-01 02:22:02 UTC</createdTime>
<ownerDesignName>tttt</ownerDesignName>
<engineerTo>
<item key="EA66ACB9-7A17-64FF-CCC1-3D1A33CD2672" value="true"/>
</engineerTo>
<pk>true</pk>
<newElementsIDs>5CE30B80-3B9E-23EB-D07D-C454C7CA026A</newElementsIDs>
<usedAttributes>
<attributeRef>5CE30B80-3B9E-23EB-D07D-C454C7CA026A</attributeRef>
</usedAttributes>
</identifier>
<identifier id="A7BB5FF8-A00D-03F8-8EB8-081B1781E5F2" name="user_id">
<createdBy>KOSA</createdBy>
<createdTime>2024-05-01 02:23:07 UTC</createdTime>
<ownerDesignName>tttt</ownerDesignName>
<engineerTo>
<item key="EA66ACB9-7A17-64FF-CCC1-3D1A33CD2672" value="true"/>
</engineerTo>
<newElementsIDs>2D24962F-489B-D1A3-4CCC-126B0DDDB970</newElementsIDs>
<usedAttributes>
<attributeRef>2D24962F-489B-D1A3-4CCC-126B0DDDB970</attributeRef>
</usedAttributes>
</identifier>
</identifiers>
</Entity>